index,Region,Year,Month,Production,Diff_production
0,JH,1998,1,118.359,0.0
1,JH,1998,2,147.988,0.0
2,JH,1998,3,145.514,29.629
3,JH,1998,4,154.638,-2.474
4,JH,1998,5,155.827,9.124
5,JH,1998,6,163.215,1.189
6,JH,1998,7,182.535,7.388
7,JH,1998,8,195.686,19.32
8,JH,1998,9,210.113,13.151
9,JH,1998,10,203.115,14.427
10,JH,1998,11,186.055,-6.998
11,JH,1998,12,158.304,-17.06
12,JH,1999,1,133.109,-27.751
13,JH,1999,2,147.24,-25.195
14,JH,1999,3,169.754,14.131
15,JH,1999,4,192.155,22.514
16,JH,1999,5,216.57,22.401
17,JH,1999,6,210.553,24.415
18,JH,1999,7,223.731,-6.017
19,JH,1999,8,224.397,13.178
20,JH,1999,9,234.327,0.666
21,JH,1999,10,237.426,9.93
22,JH,1999,11,225.412,3.099
23,JH,1999,12,210.489,-12.014
24,JH,2000,1,176.328,-14.923
25,JH,2000,2,164.926,-34.161
26,JH,2000,3,173.124,-11.402
27,JH,2000,4,177.804,8.198
28,JH,2000,5,185.927,4.68
29,JH,2000,6,199.5,8.123
30,JH,2000,7,204.75,13.573
31,JH,2000,8,211.713,5.25
32,JH,2000,9,233.193,6.963
33,JH,2000,10,239.385,21.48
34,JH,2000,11,239.598,6.192
35,JH,2000,12,175.965,0.213
36,JH,2001,1,199.24,-63.633
37,JH,2001,2,171.77,23.275
38,JH,2001,3,170.966,-27.47
39,JH,2001,4,176.878,-0.804
40,JH,2001,5,188.395,5.912
41,JH,2001,6,183.676,11.517
42,JH,2001,7,187.813,-4.719
43,JH,2001,8,211.931,4.137
44,JH,2001,9,221.399,24.118
45,JH,2001,10,230.672,9.468
46,JH,2001,11,209.077,9.273
47,JH,2001,12,176.049,-21.595
48,JH,2002,1,177.839,-33.028
49,JH,2002,2,140.047,1.79
50,JH,2002,3,162.689,-37.792
51,JH,2002,4,160.742,22.642
52,JH,2002,5,176.955,-1.947
53,JH,2002,6,187.515,16.213
54,JH,2002,7,207.064,10.56
55,JH,2002,8,214.915,19.549
56,JH,2002,9,230.929,7.851
57,JH,2002,10,230.638,16.014
58,JH,2002,11,205.439,-0.291
59,JH,2002,12,177.754,-25.199
60,JH,2003,1,170.296,-27.685
61,JH,2003,2,153.45,-7.458
62,JH,2003,3,197.905,-16.846
63,JH,2003,4,221.055,44.455
64,JH,2003,5,232.739,23.15
65,JH,2003,6,241.319,11.684
66,JH,2003,7,248.74,8.58
67,JH,2003,8,242.578,7.421
68,JH,2003,9,248.51,-6.162
69,JH,2003,10,223.714,5.932
70,JH,2003,11,193.828,-24.796
71,JH,2003,12,231.986,-29.886
72,JH,2004,1,161.686,38.158
73,JH,2004,2,167.235,-70.3
74,JH,2004,3,180.851,5.549
75,JH,2004,4,191.626,13.616
76,JH,2004,5,220.506,10.775
77,JH,2004,6,233.33,28.88
78,JH,2004,7,240.156,12.824
79,JH,2004,8,235.884,6.826
80,JH,2004,9,255.614,-4.272
81,JH,2004,10,250.95,19.73
82,JH,2004,11,220.849,-4.664
83,JH,2004,12,233.651,-30.101
84,JH,2005,1,205.973,12.802
85,JH,2005,2,183.37,-27.678
86,JH,2005,3,218.398,-22.603
87,JH,2005,4,214.688,35.028
88,JH,2005,5,236.13,-3.71
89,JH,2005,6,229.296,21.442
90,JH,2005,7,237.548,-6.834
91,JH,2005,8,230.896,8.252
92,JH,2005,9,239.294,-6.652
93,JH,2005,10,223.837,8.398
94,JH,2005,11,190.419,-15.457
95,JH,2005,12,160.418,-33.418
96,JH,2006,1,145.637,-30.001
97,JH,2006,2,193.908,-14.781
98,JH,2006,3,229.324,48.271
99,JH,2006,4,240.346,35.416
100,JH,2006,5,267.948,11.022
101,JH,2006,6,260.255,27.602
102,JH,2006,7,265.266,-7.693
103,JH,2006,8,290.846,5.011
104,JH,2006,9,279.002,25.58
105,JH,2006,10,226.696,-11.844
106,JH,2006,11,260.429,-52.306
107,JH,2006,12,161.383,33.733
108,JH,2007,1,160.215,-99.046
109,JH,2007,2,148.427,-1.168
110,JH,2007,3,172.007,-11.788
111,JH,2007,4,182.575,23.58
112,JH,2007,5,196.112,10.568
113,JH,2007,6,191.218,13.537
114,JH,2007,7,244.877,-4.894
115,JH,2007,8,268.332,53.659
116,JH,2007,9,270.622,23.455
117,JH,2007,10,270.185,2.29
118,JH,2007,11,276.955,-0.437
119,JH,2007,12,243.713,6.77
120,JH,2008,1,241.662,-33.242
121,JH,2008,2,217.673,-2.051
122,JH,2008,3,229.253,-23.989
123,JH,2008,4,209.989,11.58
124,JH,2008,5,229.763,-19.264
125,JH,2008,6,231.758,19.774
126,JH,2008,7,252.11,1.995
127,JH,2008,8,258.638,20.352
128,JH,2008,9,248.514,6.528
129,JH,2008,10,269.094,-10.124
130,JH,2008,11,281.432,20.58
131,JH,2008,12,251.442,12.338
132,JH,2009,1,221.711,-29.99
133,JH,2009,2,208.299,-29.731
134,JH,2009,3,206.43,-13.412
135,JH,2009,4,214.957,-1.869
136,JH,2009,5,244.809,8.527
137,JH,2009,6,260.523,29.852
138,JH,2009,7,273.706,15.714
139,JH,2009,8,247.842,13.183
140,JH,2009,9,244.425,-25.864
141,JH,2009,10,326.184,-3.417
142,JH,2009,11,253.616,81.759
143,JH,2009,12,235.343,-72.568
144,JH,2010,1,209.505,-18.273
145,JH,2010,2,193.756,-25.838
146,JH,2010,3,232.43,-15.749
147,JH,2010,4,217.338,38.674
148,JH,2010,5,245.879,-15.092
149,JH,2010,6,258.857,28.541
150,JH,2010,7,264.492,12.978
151,JH,2010,8,255.194,5.635
152,JH,2010,9,245.335,-9.298
153,JH,2010,10,266.321,-9.859
154,JH,2010,11,232.593,20.986
155,JH,2010,12,186.448,-33.728
156,JH,2011,1,169.897,-46.145
157,JH,2011,2,172.278,-16.551
158,JH,2011,3,229.479,2.381
159,JH,2011,4,242.912,57.201
160,JH,2011,5,284.842,13.433
161,JH,2011,6,285.567,41.93
162,JH,2011,7,278.396,0.725
163,JH,2011,8,268.496,-7.171
164,JH,2011,9,302.377,-9.9
165,JH,2011,10,309.233,33.881
166,JH,2011,11,255.19,6.856
167,JH,2011,12,223.67,-54.043
168,JH,2012,1,191.594,-31.52
169,JH,2012,2,181.334,-32.076
170,JH,2012,3,180.834,-10.26
171,JH,2012,4,198.155,-0.5
172,JH,2012,5,225.183,17.321
173,JH,2012,6,249.569,27.028
174,JH,2012,7,278.021,24.386
175,JH,2012,8,257.313,28.452
176,JH,2012,9,320.36,-20.708
177,JH,2012,10,306.34,63.047
178,JH,2012,11,289.152,-14.02
179,JH,2012,12,268.765,-17.188
180,JH,2013,1,236.864,-20.387
181,JH,2013,2,180.277,-31.901
182,JH,2013,3,196.443,-56.587
183,JH,2013,4,217.999,16.166
184,JH,2013,5,222.98,21.556
185,JH,2013,6,246.078,4.981
186,JH,2013,7,278.357,23.098
187,JH,2013,8,269.148,32.279
188,JH,2013,9,306.037,-9.209
189,JH,2013,10,315.86,36.889
190,JH,2013,11,289.997,9.823
191,JH,2013,12,253.845,-25.863
192,JH,2014,1,235.748,-36.152
193,JH,2014,2,194.587,-18.097
194,JH,2014,3,223.268,-41.161
195,JH,2014,4,225.776,28.681
196,JH,2014,5,248.045,2.508
197,JH,2014,6,257.604,22.269
198,JH,2014,7,278.807,9.559
199,JH,2014,8,329.485,21.203
200,JH,2014,9,295.434,50.678
201,JH,2014,10,294.13,-34.051
202,JH,2014,11,263.147,-1.304
203,JH,2014,12,201.004,-30.983
204,JH,2015,1,171.725,-62.143
205,JH,2015,2,188.325,-29.279
206,JH,2015,3,247.856,16.6
207,JH,2015,4,282.791,59.531
208,JH,2015,5,291.057,34.935
209,JH,2015,6,287.502,8.266
210,JH,2015,7,288.086,-3.555
211,JH,2015,8,313.321,0.584
212,JH,2015,9,299.337,25.235
213,JH,2015,10,300.383,-13.984
214,JH,2015,11,246.005,1.046
215,JH,2015,12,201.231,-54.378
216,JH,2016,1,163.84,-44.774
217,JH,2016,2,166.663,-37.391
218,JH,2016,3,185.974,2.823
219,JH,2016,4,200.321,19.311
220,JH,2016,5,207.485,14.347
221,JH,2016,6,229.105,7.164
222,JH,2016,7,232.726,21.62
223,JH,2016,8,264.981,3.621
224,JH,2016,9,280.248,32.255
225,JH,2016,10,284.922,15.267
226,JH,2016,11,274.107,4.674
227,JH,2016,12,254.881,-10.815
228,JH,2017,1,211.81,-19.226
229,JH,2017,2,214.747,-43.071
230,JH,2017,3,210.002,2.937
231,JH,2017,4,216.574,-4.745
232,JH,2017,5,225.834,6.572
233,JH,2017,6,205.989,9.26
234,JH,2017,7,284.963,-19.845
235,JH,2017,8,293.14,78.974
236,JH,2017,9,295.578,8.177
0,PH,1998,1,84.387,2.438
1,PH,1998,2,108.105,-211.191
2,PH,1998,3,109.358,23.718
3,PH,1998,4,114.967,1.253
4,PH,1998,5,112.704,5.609
5,PH,1998,6,117.54,-2.263
6,PH,1998,7,127.401,4.836
7,PH,1998,8,150.633,9.861
8,PH,1998,9,156.088,23.232
9,PH,1998,10,137.4,5.455
10,PH,1998,11,132.923,-18.688
11,PH,1998,12,99.202,-4.477
12,PH,1999,1,76.027,-33.721
13,PH,1999,2,91.781,-23.175
14,PH,1999,3,118.516,15.754
15,PH,1999,4,160.132,26.735
16,PH,1999,5,189.223,41.616
17,PH,1999,6,175.983,29.091
18,PH,1999,7,167.967,-13.24
19,PH,1999,8,171.234,-8.016
20,PH,1999,9,183.782,3.267
21,PH,1999,10,188.578,12.548
22,PH,1999,11,179.923,4.796
23,PH,1999,12,163.96,-8.655
24,PH,2000,1,137.472,-15.963
25,PH,2000,2,129.379,-26.488
26,PH,2000,3,133.885,-8.093
27,PH,2000,4,140.205,4.506
28,PH,2000,5,131.905,6.32
29,PH,2000,6,126.214,-8.3
30,PH,2000,7,126.449,-5.691
31,PH,2000,8,144.868,0.235
32,PH,2000,9,171.705,18.419
33,PH,2000,10,191.156,26.837
34,PH,2000,11,192.707,19.451
35,PH,2000,12,147.938,1.551
36,PH,2001,1,180.631,-44.769
37,PH,2001,2,153.434,32.693
38,PH,2001,3,157.776,-27.197
39,PH,2001,4,171.547,4.342
40,PH,2001,5,178.935,13.771
41,PH,2001,6,169.963,7.388
42,PH,2001,7,174.125,-8.972
43,PH,2001,8,181.467,4.162
44,PH,2001,9,189.991,7.342
45,PH,2001,10,186.597,8.524
46,PH,2001,11,164.146,-3.394
47,PH,2001,12,138.919,-22.451
48,PH,2002,1,134.56,-25.227
49,PH,2002,2,111.138,-4.359
50,PH,2002,3,130.582,-23.422
51,PH,2002,4,121.303,19.444
52,PH,2002,5,132.892,-9.279
53,PH,2002,6,147.509,11.589
54,PH,2002,7,170.898,14.617
55,PH,2002,8,179.182,23.389
56,PH,2002,9,199.254,8.284
57,PH,2002,10,192.101,20.072
58,PH,2002,11,164.05,-7.153
59,PH,2002,12,129.334,-28.051
60,PH,2003,1,109.031,-34.716
61,PH,2003,2,105.916,-20.303
62,PH,2003,3,153.447,-3.115
63,PH,2003,4,177.704,47.531
64,PH,2003,5,184.477,24.257
65,PH,2003,6,196.497,6.773
66,PH,2003,7,205.444,12.02
67,PH,2003,8,202.0,8.947
68,PH,2003,9,201.398,-3.444
69,PH,2003,10,172.118,-0.602
70,PH,2003,11,143.906,-29.28
71,PH,2003,12,161.922,-28.212
72,PH,2004,1,113.424,18.016
73,PH,2004,2,121.836,-48.498
74,PH,2004,3,140.717,8.412
75,PH,2004,4,151.337,18.881
76,PH,2004,5,166.141,10.62
77,PH,2004,6,177.367,14.804
78,PH,2004,7,185.65,11.226
79,PH,2004,8,192.32,8.283
80,PH,2004,9,213.751,6.67
81,PH,2004,10,190.548,21.431
82,PH,2004,11,185.335,-23.203
83,PH,2004,12,187.377,-5.213
84,PH,2005,1,161.883,2.042
85,PH,2005,2,143.72,-25.494
86,PH,2005,3,178.558,-18.163
87,PH,2005,4,185.208,34.838
88,PH,2005,5,206.214,6.65
89,PH,2005,6,188.018,21.006
90,PH,2005,7,201.089,-18.196
91,PH,2005,8,201.671,13.071
92,PH,2005,9,205.394,0.582
93,PH,2005,10,189.325,3.723
94,PH,2005,11,152.665,-16.069
95,PH,2005,12,118.779,-36.66
96,PH,2006,1,108.659,-33.886
97,PH,2006,2,137.622,-10.12
98,PH,2006,3,165.481,28.963
99,PH,2006,4,205.117,27.859
100,PH,2006,5,217.454,39.636
101,PH,2006,6,205.54,12.337
102,PH,2006,7,217.229,-11.914
103,PH,2006,8,230.885,11.689
104,PH,2006,9,229.117,13.656
105,PH,2006,10,195.544,-1.768
106,PH,2006,11,227.029,-33.573
107,PH,2006,12,153.225,31.485
108,PH,2007,1,142.886,-73.804
109,PH,2007,2,123.048,-10.339
110,PH,2007,3,144.31,-19.838
111,PH,2007,4,152.799,21.262
112,PH,2007,5,161.753,8.489
113,PH,2007,6,154.373,8.954
114,PH,2007,7,193.628,-7.38
115,PH,2007,8,216.004,39.255
116,PH,2007,9,223.257,22.376
117,PH,2007,10,229.405,7.253
118,PH,2007,11,247.641,6.148
119,PH,2007,12,169.698,18.236
120,PH,2008,1,209.417,-77.943
121,PH,2008,2,187.061,39.719
122,PH,2008,3,211.295,-22.356
123,PH,2008,4,211.141,24.234
124,PH,2008,5,226.535,-0.154
125,PH,2008,6,230.165,15.394
126,PH,2008,7,250.049,3.63
127,PH,2008,8,250.929,19.884
128,PH,2008,9,236.945,0.88
129,PH,2008,10,252.795,-13.984
130,PH,2008,11,251.229,15.85
131,PH,2008,12,232.824,-1.566
132,PH,2009,1,197.604,-18.405
133,PH,2009,2,186.074,-35.22
134,PH,2009,3,202.189,-11.53
135,PH,2009,4,197.749,16.115
136,PH,2009,5,214.064,-4.44
137,PH,2009,6,222.622,16.315
138,PH,2009,7,244.287,8.558
139,PH,2009,8,247.657,21.665
140,PH,2009,9,241.674,3.37
141,PH,2009,10,316.026,-5.983
142,PH,2009,11,240.878,74.352
143,PH,2009,12,209.636,-75.148
144,PH,2010,1,179.713,-31.242
145,PH,2010,2,168.491,-29.923
146,PH,2010,3,211.511,-11.222
147,PH,2010,4,195.696,43.02
148,PH,2010,5,203.653,-15.815
149,PH,2010,6,207.769,7.957
150,PH,2010,7,233.444,4.116
151,PH,2010,8,253.527,25.675
152,PH,2010,9,245.623,20.083
153,PH,2010,10,256.693,-7.904
154,PH,2010,11,227.24,11.07
155,PH,2010,12,165.07,-29.453
156,PH,2011,1,127.784,-62.17
157,PH,2011,2,147.446,-37.286
158,PH,2011,3,201.484,19.662
159,PH,2011,4,230.795,54.038
160,PH,2011,5,268.674,29.311
161,PH,2011,6,261.93,37.879
162,PH,2011,7,264.986,-6.744
163,PH,2011,8,249.314,3.056
164,PH,2011,9,294.28,-15.672
165,PH,2011,10,303.92,44.966
166,PH,2011,11,248.523,9.64
167,PH,2011,12,200.429,-55.397
168,PH,2012,1,174.113,-48.094
169,PH,2012,2,165.37,-26.316
170,PH,2012,3,168.53,-8.743
171,PH,2012,4,182.706,3.16
172,PH,2012,5,200.701,14.176
173,PH,2012,6,215.602,17.995
174,PH,2012,7,268.334,14.901
175,PH,2012,8,261.518,52.732
176,PH,2012,9,327.222,-6.816
177,PH,2012,10,309.876,65.704
178,PH,2012,11,290.733,-17.346
179,PH,2012,12,263.786,-19.143
180,PH,2013,1,237.134,-26.947
181,PH,2013,2,183.2,-26.652
182,PH,2013,3,189.204,-53.934
183,PH,2013,4,206.701,6.004
184,PH,2013,5,205.75,17.497
185,PH,2013,6,215.215,-0.951
186,PH,2013,7,258.771,9.465
187,PH,2013,8,279.04,43.556
188,PH,2013,9,328.385,20.269
189,PH,2013,10,330.559,49.345
190,PH,2013,11,299.257,2.174
191,PH,2013,12,228.895,-31.302
192,PH,2014,1,213.875,-70.362
193,PH,2014,2,171.093,-15.02
194,PH,2014,3,218.266,-42.782
195,PH,2014,4,230.387,47.173
196,PH,2014,5,242.591,12.121
197,PH,2014,6,230.621,12.204
198,PH,2014,7,248.1,-11.97
199,PH,2014,8,307.877,17.479
200,PH,2014,9,290.297,59.777
201,PH,2014,10,295.789,-17.58
202,PH,2014,11,275.286,5.492
203,PH,2014,12,165.152,-20.503
204,PH,2015,1,141.442,-110.134
205,PH,2015,2,158.471,-23.71
206,PH,2015,3,218.187,17.029
207,PH,2015,4,247.363,59.716
208,PH,2015,5,261.187,29.176
209,PH,2015,6,254.275,13.824
210,PH,2015,7,279.108,-6.912
211,PH,2015,8,323.407,24.833
212,PH,2015,9,305.767,44.299
213,PH,2015,10,306.181,-17.64
214,PH,2015,11,257.504,0.414
215,PH,2015,12,197.408,-48.677
216,PH,2016,1,143.877,-60.096
217,PH,2016,2,145.301,-53.531
218,PH,2016,3,175.322,1.424
219,PH,2016,4,182.277,30.021
220,PH,2016,5,189.899,6.955
221,PH,2016,6,211.186,7.622
222,PH,2016,7,216.965,21.287
223,PH,2016,8,233.633,5.779
224,PH,2016,9,242.147,16.668
225,PH,2016,10,244.163,8.514
226,PH,2016,11,232.024,2.016
227,PH,2016,12,206.584,-12.139
228,PH,2017,1,158.749,-25.44
229,PH,2017,2,155.267,-47.835
230,PH,2017,3,192.591,-3.482
231,PH,2017,4,220.542,37.324
232,PH,2017,5,240.464,27.951
233,PH,2017,6,208.479,19.922
234,PH,2017,7,266.409,-31.985
235,PH,2017,8,260.26,57.93
236,PH,2017,9,262.629,-6.149
0,PRK,1998,1,64.054,2.369
1,PRK,1998,2,75.258,-198.575
2,PRK,1998,3,76.202,11.204
3,PRK,1998,4,75.789,0.944
4,PRK,1998,5,83.162,-0.413
5,PRK,1998,6,92.812,7.373
6,PRK,1998,7,102.732,9.65
7,PRK,1998,8,104.759,9.92
8,PRK,1998,9,95.395,2.027
9,PRK,1998,10,82.394,-9.364
10,PRK,1998,11,74.966,-13.001
11,PRK,1998,12,74.023,-7.428
12,PRK,1999,1,62.794,-0.943
13,PRK,1999,2,74.889,-11.229
14,PRK,1999,3,96.611,12.095
15,PRK,1999,4,107.758,21.722
16,PRK,1999,5,117.244,11.147
17,PRK,1999,6,117.867,9.486
18,PRK,1999,7,123.901,0.623
19,PRK,1999,8,115.503,6.034
20,PRK,1999,9,116.361,-8.398
21,PRK,1999,10,102.64,0.858
22,PRK,1999,11,95.038,-13.721
23,PRK,1999,12,90.316,-7.602
24,PRK,2000,1,79.192,-4.722
25,PRK,2000,2,76.912,-11.124
26,PRK,2000,3,85.279,-2.28
27,PRK,2000,4,90.979,8.367
28,PRK,2000,5,103.734,5.7
29,PRK,2000,6,108.262,12.755
30,PRK,2000,7,126.481,4.528
31,PRK,2000,8,131.995,18.219
32,PRK,2000,9,130.828,5.514
33,PRK,2000,10,124.208,-1.167
34,PRK,2000,11,121.795,-6.62
35,PRK,2000,12,93.823,-2.413
36,PRK,2001,1,104.593,-27.972
37,PRK,2001,2,94.391,10.77
38,PRK,2001,3,96.906,-10.202
39,PRK,2001,4,97.72,2.515
40,PRK,2001,5,107.211,0.814
41,PRK,2001,6,105.651,9.491
42,PRK,2001,7,110.938,-1.56
43,PRK,2001,8,121.459,5.287
44,PRK,2001,9,119.082,10.521
45,PRK,2001,10,115.221,-2.377
46,PRK,2001,11,105.283,-3.861
47,PRK,2001,12,102.032,-9.938
48,PRK,2002,1,105.865,-3.251
49,PRK,2002,2,84.826,3.833
50,PRK,2002,3,102.205,-21.039
51,PRK,2002,4,94.747,17.379
52,PRK,2002,5,100.49,-7.458
53,PRK,2002,6,109.994,5.743
54,PRK,2002,7,123.854,9.504
55,PRK,2002,8,132.836,13.86
56,PRK,2002,9,129.498,8.982
57,PRK,2002,10,118.432,-3.338
58,PRK,2002,11,98.094,-11.066
59,PRK,2002,12,91.153,-20.338
60,PRK,2003,1,103.335,-6.941
61,PRK,2003,2,95.39,12.182
62,PRK,2003,3,116.35,-7.945
63,PRK,2003,4,116.593,20.96
64,PRK,2003,5,126.304,0.243
65,PRK,2003,6,132.777,9.711
66,PRK,2003,7,151.617,6.473
67,PRK,2003,8,147.658,18.84
68,PRK,2003,9,134.525,-3.959
69,PRK,2003,10,113.851,-13.133
70,PRK,2003,11,93.428,-20.674
71,PRK,2003,12,122.611,-20.423
72,PRK,2004,1,103.117,29.183
73,PRK,2004,2,112.045,-19.494
74,PRK,2004,3,123.083,8.928
75,PRK,2004,4,117.357,11.038
76,PRK,2004,5,127.924,-5.726
77,PRK,2004,6,146.902,10.567
78,PRK,2004,7,163.214,18.978
79,PRK,2004,8,149.09,16.312
80,PRK,2004,9,154.466,-14.124
81,PRK,2004,10,139.339,5.376
82,PRK,2004,11,119.787,-15.127
83,PRK,2004,12,141.509,-19.552
84,PRK,2005,1,131.409,21.722
85,PRK,2005,2,121.713,-10.1
86,PRK,2005,3,138.858,-9.696
87,PRK,2005,4,130.403,17.145
88,PRK,2005,5,148.342,-8.455
89,PRK,2005,6,150.044,17.939
90,PRK,2005,7,160.282,1.702
91,PRK,2005,8,157.179,10.238
92,PRK,2005,9,147.426,-3.103
93,PRK,2005,10,130.403,-9.753
94,PRK,2005,11,107.502,-17.023
95,PRK,2005,12,96.961,-22.901
96,PRK,2006,1,100.251,-10.541
97,PRK,2006,2,130.834,3.29
98,PRK,2006,3,143.827,30.583
99,PRK,2006,4,145.081,12.993
100,PRK,2006,5,149.685,1.254
101,PRK,2006,6,151.136,4.604
102,PRK,2006,7,167.33,1.451
103,PRK,2006,8,181.439,16.194
104,PRK,2006,9,175.558,14.109
105,PRK,2006,10,130.907,-5.881
106,PRK,2006,11,137.138,-44.651
107,PRK,2006,12,111.286,6.231
108,PRK,2007,1,129.135,-25.852
109,PRK,2007,2,106.76,17.849
110,PRK,2007,3,128.407,-22.375
111,PRK,2007,4,121.641,21.647
112,PRK,2007,5,127.367,-6.766
113,PRK,2007,6,135.804,5.726
114,PRK,2007,7,160.383,8.437
115,PRK,2007,8,177.592,24.579
116,PRK,2007,9,163.807,17.209
117,PRK,2007,10,160.389,-13.785
118,PRK,2007,11,164.997,-3.418
119,PRK,2007,12,143.149,4.608
120,PRK,2008,1,149.653,-21.848
121,PRK,2008,2,145.488,6.504
122,PRK,2008,3,153.312,-4.165
123,PRK,2008,4,146.403,7.824
124,PRK,2008,5,167.582,-6.909
125,PRK,2008,6,169.072,21.179
126,PRK,2008,7,179.553,1.49
127,PRK,2008,8,183.528,10.481
128,PRK,2008,9,165.362,3.975
129,PRK,2008,10,156.0,-18.166
130,PRK,2008,11,171.734,-9.362
131,PRK,2008,12,152.745,15.734
132,PRK,2009,1,136.186,-18.989
133,PRK,2009,2,139.935,-16.559
134,PRK,2009,3,147.382,3.749
135,PRK,2009,4,151.318,7.447
136,PRK,2009,5,170.341,3.936
137,PRK,2009,6,183.99,19.023
138,PRK,2009,7,197.952,13.649
139,PRK,2009,8,175.623,13.962
140,PRK,2009,9,163.377,-22.329
141,PRK,2009,10,198.617,-12.246
142,PRK,2009,11,158.344,35.24
143,PRK,2009,12,157.82,-40.273
144,PRK,2010,1,132.648,-0.524
145,PRK,2010,2,117.401,-25.172
146,PRK,2010,3,143.793,-15.247
147,PRK,2010,4,128.818,26.392
148,PRK,2010,5,148.822,-14.975
149,PRK,2010,6,172.732,20.004
150,PRK,2010,7,181.426,23.91
151,PRK,2010,8,173.306,8.694
152,PRK,2010,9,165.085,-8.12
153,PRK,2010,10,156.394,-8.221
154,PRK,2010,11,153.731,-8.691
155,PRK,2010,12,133.827,-2.663
156,PRK,2011,1,129.893,-19.904
157,PRK,2011,2,125.855,-3.934
158,PRK,2011,3,163.683,-4.038
159,PRK,2011,4,159.048,37.828
160,PRK,2011,5,177.939,-4.635
161,PRK,2011,6,178.322,18.891
162,PRK,2011,7,181.502,0.383
163,PRK,2011,8,172.237,3.18
164,PRK,2011,9,184.334,-9.265
165,PRK,2011,10,177.228,12.097
166,PRK,2011,11,160.459,-7.106
167,PRK,2011,12,152.026,-16.769
168,PRK,2012,1,128.483,-8.433
169,PRK,2012,2,136.013,-23.543
170,PRK,2012,3,134.002,7.53
171,PRK,2012,4,138.685,-2.011
172,PRK,2012,5,144.996,4.683
173,PRK,2012,6,163.066,6.311
174,PRK,2012,7,196.917,18.07
175,PRK,2012,8,177.882,33.851
176,PRK,2012,9,200.105,-19.035
177,PRK,2012,10,184.394,22.223
178,PRK,2012,11,166.275,-15.711
179,PRK,2012,12,160.004,-18.119
180,PRK,2013,1,156.926,-6.271
181,PRK,2013,2,130.597,-3.078
182,PRK,2013,3,127.604,-26.329
183,PRK,2013,4,130.785,-2.993
184,PRK,2013,5,139.501,3.181
185,PRK,2013,6,149.75,8.716
186,PRK,2013,7,179.828,10.249
187,PRK,2013,8,168.836,30.078
188,PRK,2013,9,178.066,-10.992
189,PRK,2013,10,186.232,9.23
190,PRK,2013,11,169.771,8.166
191,PRK,2013,12,166.762,-16.461
192,PRK,2014,1,153.947,-3.009
193,PRK,2014,2,133.417,-12.815
194,PRK,2014,3,152.754,-20.53
195,PRK,2014,4,154.848,19.337
196,PRK,2014,5,162.63,2.094
197,PRK,2014,6,163.046,7.782
198,PRK,2014,7,181.287,0.416
199,PRK,2014,8,204.425,18.241
200,PRK,2014,9,182.072,23.138
201,PRK,2014,10,159.711,-22.353
202,PRK,2014,11,141.462,-22.361
203,PRK,2014,12,118.113,-18.249
204,PRK,2015,1,116.186,-23.349
205,PRK,2015,2,119.968,-1.927
206,PRK,2015,3,179.758,3.782
207,PRK,2015,4,178.342,59.79
208,PRK,2015,5,178.521,-1.416
209,PRK,2015,6,188.938,0.179
210,PRK,2015,7,202.146,10.417
211,PRK,2015,8,217.863,13.208
212,PRK,2015,9,185.2,15.717
213,PRK,2015,10,171.914,-32.663
214,PRK,2015,11,124.848,-13.286
215,PRK,2015,12,125.598,-47.066
216,PRK,2016,1,123.327,0.75
217,PRK,2016,2,124.8,-2.271
218,PRK,2016,3,135.376,1.473
219,PRK,2016,4,134.805,10.576
220,PRK,2016,5,126.876,-0.571
221,PRK,2016,6,141.734,-7.929
222,PRK,2016,7,139.503,14.858
223,PRK,2016,8,153.346,-2.231
224,PRK,2016,9,147.82,13.843
225,PRK,2016,10,129.867,-5.526
226,PRK,2016,11,132.994,-17.953
227,PRK,2016,12,138.888,3.127
228,PRK,2017,1,118.818,5.894
229,PRK,2017,2,138.743,-20.07
230,PRK,2017,3,186.465,19.925
231,PRK,2017,4,182.954,47.722
232,PRK,2017,5,186.958,-3.511
233,PRK,2017,6,165.175,4.004
234,PRK,2017,7,202.661,-21.783
235,PRK,2017,8,188.525,37.486
236,PRK,2017,9,171.271,-14.136
0,OtherPEN,1998,1,89.69,-17.254
1,OtherPEN,1998,2,112.724,-81.581
2,OtherPEN,1998,3,113.573,23.034
3,OtherPEN,1998,4,113.454,0.849
4,OtherPEN,1998,5,119.671,-0.119
5,OtherPEN,1998,6,128.955,6.217
6,OtherPEN,1998,7,143.201,9.284
7,OtherPEN,1998,8,151.091,14.246
8,OtherPEN,1998,9,156.12,7.89
9,OtherPEN,1998,10,141.901,5.029
10,OtherPEN,1998,11,133.885,-14.219
11,OtherPEN,1998,12,116.01,-8.016
12,OtherPEN,1999,1,92.257,-17.875
13,OtherPEN,1999,2,105.078,-23.753
14,OtherPEN,1999,3,129.949,12.821
15,OtherPEN,1999,4,166.492,24.871
16,OtherPEN,1999,5,187.804,36.543
17,OtherPEN,1999,6,180.47,21.312
18,OtherPEN,1999,7,177.55,-7.334
19,OtherPEN,1999,8,176.086,-2.92
20,OtherPEN,1999,9,188.132,-1.464
21,OtherPEN,1999,10,189.089,12.046
22,OtherPEN,1999,11,170.157,0.957
23,OtherPEN,1999,12,151.583,-18.932
24,OtherPEN,2000,1,126.189,-18.574
25,OtherPEN,2000,2,125.616,-25.394
26,OtherPEN,2000,3,128.375,-0.573
27,OtherPEN,2000,4,135.774,2.759
28,OtherPEN,2000,5,138.25,7.399
29,OtherPEN,2000,6,135.186,2.476
30,OtherPEN,2000,7,149.116,-3.064
31,OtherPEN,2000,8,162.558,13.93
32,OtherPEN,2000,9,179.606,13.442
33,OtherPEN,2000,10,184.558,17.048
34,OtherPEN,2000,11,177.717,4.952
35,OtherPEN,2000,12,139.01,-6.841
36,OtherPEN,2001,1,159.809,-38.707
37,OtherPEN,2001,2,141.494,20.799
38,OtherPEN,2001,3,140.984,-18.315
39,OtherPEN,2001,4,146.102,-0.51
40,OtherPEN,2001,5,156.032,5.118
41,OtherPEN,2001,6,150.084,9.93
42,OtherPEN,2001,7,154.612,-5.948
43,OtherPEN,2001,8,163.436,4.528
44,OtherPEN,2001,9,163.547,8.824
45,OtherPEN,2001,10,171.319,0.111
46,OtherPEN,2001,11,146.699,7.772
47,OtherPEN,2001,12,127.336,-24.62
48,OtherPEN,2002,1,133.438,-19.363
49,OtherPEN,2002,2,108.372,6.102
50,OtherPEN,2002,3,129.1,-25.066
51,OtherPEN,2002,4,122.333,20.728
52,OtherPEN,2002,5,132.216,-6.767
53,OtherPEN,2002,6,136.216,9.883
54,OtherPEN,2002,7,153.083,4.0
55,OtherPEN,2002,8,158.641,16.867
56,OtherPEN,2002,9,163.832,5.558
57,OtherPEN,2002,10,162.015,5.191
58,OtherPEN,2002,11,130.822,-1.817
59,OtherPEN,2002,12,111.615,-31.193
60,OtherPEN,2003,1,115.807,-19.207
61,OtherPEN,2003,2,115.89,4.192
62,OtherPEN,2003,3,153.636,0.083
63,OtherPEN,2003,4,165.698,37.746
64,OtherPEN,2003,5,177.698,12.062
65,OtherPEN,2003,6,178.181,12.0
66,OtherPEN,2003,7,186.884,0.483
67,OtherPEN,2003,8,181.037,8.703
68,OtherPEN,2003,9,176.897,-5.847
69,OtherPEN,2003,10,156.386,-4.14
70,OtherPEN,2003,11,123.821,-20.511
71,OtherPEN,2003,12,138.545,-32.565
72,OtherPEN,2004,1,113.485,14.724
73,OtherPEN,2004,2,120.427,-25.06
74,OtherPEN,2004,3,135.349,6.942
75,OtherPEN,2004,4,140.065,14.922
76,OtherPEN,2004,5,151.077,4.716
77,OtherPEN,2004,6,164.382,11.012
78,OtherPEN,2004,7,175.942,13.305
79,OtherPEN,2004,8,175.291,11.56
80,OtherPEN,2004,9,198.609,-0.651
81,OtherPEN,2004,10,178.093,23.318
82,OtherPEN,2004,11,155.991,-20.516
83,OtherPEN,2004,12,169.39,-22.102
84,OtherPEN,2005,1,152.739,13.399
85,OtherPEN,2005,2,145.86,-16.651
86,OtherPEN,2005,3,176.328,-6.879
87,OtherPEN,2005,4,171.223,30.468
88,OtherPEN,2005,5,186.772,-5.105
89,OtherPEN,2005,6,180.583,15.549
90,OtherPEN,2005,7,185.152,-6.189
91,OtherPEN,2005,8,182.629,4.569
92,OtherPEN,2005,9,181.612,-2.523
93,OtherPEN,2005,10,164.067,-1.017
94,OtherPEN,2005,11,132.885,-17.545
95,OtherPEN,2005,12,108.089,-31.182
96,OtherPEN,2006,1,109.833,-24.796
97,OtherPEN,2006,2,143.578,1.744
98,OtherPEN,2006,3,175.123,33.745
99,OtherPEN,2006,4,185.086,31.545
100,OtherPEN,2006,5,190.831,9.963
101,OtherPEN,2006,6,178.176,5.745
102,OtherPEN,2006,7,190.527,-12.655
103,OtherPEN,2006,8,215.786,12.351
104,OtherPEN,2006,9,221.512,25.259
105,OtherPEN,2006,10,175.517,5.726
106,OtherPEN,2006,11,200.567,-45.995
107,OtherPEN,2006,12,147.097,25.05
108,OtherPEN,2007,1,144.179,-53.47
109,OtherPEN,2007,2,131.756,-2.918
110,OtherPEN,2007,3,154.086,-12.423
111,OtherPEN,2007,4,153.203,22.33
112,OtherPEN,2007,5,159.236,-0.883
113,OtherPEN,2007,6,160.075,6.033
114,OtherPEN,2007,7,187.928,0.839
115,OtherPEN,2007,8,207.169,27.853
116,OtherPEN,2007,9,207.972,19.241
117,OtherPEN,2007,10,212.876,0.803
118,OtherPEN,2007,11,219.53,4.904
119,OtherPEN,2007,12,185.521,6.654
120,OtherPEN,2008,1,187.063,-34.009
121,OtherPEN,2008,2,179.952,1.542
122,OtherPEN,2008,3,193.5,-7.111
123,OtherPEN,2008,4,191.158,13.548
124,OtherPEN,2008,5,207.384,-2.342
125,OtherPEN,2008,6,211.338,16.226
126,OtherPEN,2008,7,224.989,3.954
127,OtherPEN,2008,8,233.983,13.651
128,OtherPEN,2008,9,225.732,8.994
129,OtherPEN,2008,10,228.504,-8.251
130,OtherPEN,2008,11,235.362,2.772
131,OtherPEN,2008,12,198.53,6.858
132,OtherPEN,2009,1,181.321,-36.832
133,OtherPEN,2009,2,177.368,-17.209
134,OtherPEN,2009,3,186.717,-3.953
135,OtherPEN,2009,4,192.201,9.349
136,OtherPEN,2009,5,201.464,5.484
137,OtherPEN,2009,6,212.861,9.263
138,OtherPEN,2009,7,229.915,11.397
139,OtherPEN,2009,8,218.075,17.054
140,OtherPEN,2009,9,220.236,-11.84
141,OtherPEN,2009,10,273.0,2.161
142,OtherPEN,2009,11,198.572,52.764
143,OtherPEN,2009,12,189.645,-74.428
144,OtherPEN,2010,1,171.456,-8.927
145,OtherPEN,2010,2,163.124,-18.189
146,OtherPEN,2010,3,193.217,-8.332
147,OtherPEN,2010,4,181.285,30.093
148,OtherPEN,2010,5,189.763,-11.932
149,OtherPEN,2010,6,207.752,8.478
150,OtherPEN,2010,7,225.403,17.989
151,OtherPEN,2010,8,220.381,17.651
152,OtherPEN,2010,9,210.747,-5.022
153,OtherPEN,2010,10,216.451,-9.634
154,OtherPEN,2010,11,192.156,5.704
155,OtherPEN,2010,12,161.84,-24.295
156,OtherPEN,2011,1,145.223,-30.316
157,OtherPEN,2011,2,153.248,-16.617
158,OtherPEN,2011,3,196.825,8.025
159,OtherPEN,2011,4,204.975,43.577
160,OtherPEN,2011,5,234.232,8.15
161,OtherPEN,2011,6,229.944,29.257
162,OtherPEN,2011,7,240.0,-4.288
163,OtherPEN,2011,8,233.558,10.056
164,OtherPEN,2011,9,267.0,-6.442
165,OtherPEN,2011,10,266.0,33.442
166,OtherPEN,2011,11,222.491,-1.0
167,OtherPEN,2011,12,194.248,-43.509
168,OtherPEN,2012,1,168.464,-28.243
169,OtherPEN,2012,2,166.014,-25.784
170,OtherPEN,2012,3,175.802,-2.45
171,OtherPEN,2012,4,184.266,9.788
172,OtherPEN,2012,5,195.788,8.464
173,OtherPEN,2012,6,214.601,11.522
174,OtherPEN,2012,7,249.832,18.813
175,OtherPEN,2012,8,245.587,35.231
176,OtherPEN,2012,9,283.0,-4.245
177,OtherPEN,2012,10,259.0,37.413
178,OtherPEN,2012,11,244.562,-24.0
179,OtherPEN,2012,12,223.613,-14.438
180,OtherPEN,2013,1,199.435,-20.949
181,OtherPEN,2013,2,167.014,-24.178
182,OtherPEN,2013,3,165.707,-32.421
183,OtherPEN,2013,4,174.185,-1.307
184,OtherPEN,2013,5,178.804,8.478
185,OtherPEN,2013,6,186.637,4.619
186,OtherPEN,2013,7,226.929,7.833
187,OtherPEN,2013,8,235.296,40.292
188,OtherPEN,2013,9,256.0,8.367
189,OtherPEN,2013,10,260.0,20.704
190,OtherPEN,2013,11,228.122,4.0
191,OtherPEN,2013,12,189.518,-31.878
192,OtherPEN,2014,1,176.179,-38.604
193,OtherPEN,2014,2,148.894,-13.339
194,OtherPEN,2014,3,175.23,-27.285
195,OtherPEN,2014,4,187.489,26.336
196,OtherPEN,2014,5,205.54,12.259
197,OtherPEN,2014,6,201.392,18.051
198,OtherPEN,2014,7,212.382,-4.148
199,OtherPEN,2014,8,255.0,10.99
200,OtherPEN,2014,9,228.813,42.618
201,OtherPEN,2014,10,221.707,-26.187
202,OtherPEN,2014,11,191.147,-7.106
203,OtherPEN,2014,12,124.344,-30.56
204,OtherPEN,2015,1,121.802,-66.803
205,OtherPEN,2015,2,138.868,-2.542
206,OtherPEN,2015,3,197.031,17.066
207,OtherPEN,2015,4,224.573,58.163
208,OtherPEN,2015,5,241.812,27.542
209,OtherPEN,2015,6,232.88,17.239
210,OtherPEN,2015,7,243.0,-8.932
211,OtherPEN,2015,8,264.0,10.12
212,OtherPEN,2015,9,237.0,21.0
213,OtherPEN,2015,10,245.0,-27.0
214,OtherPEN,2015,11,184.77,8.0
215,OtherPEN,2015,12,148.418,-60.23
216,OtherPEN,2016,1,126.643,-36.352
217,OtherPEN,2016,2,137.204,-21.775
218,OtherPEN,2016,3,167.361,10.561
219,OtherPEN,2016,4,172.847,30.157
220,OtherPEN,2016,5,173.069,5.486
221,OtherPEN,2016,6,177.74,0.222
222,OtherPEN,2016,7,176.597,4.671
223,OtherPEN,2016,8,196.29,-1.143
224,OtherPEN,2016,9,200.598,19.693
225,OtherPEN,2016,10,196.74,4.308
226,OtherPEN,2016,11,190.126,-3.858
227,OtherPEN,2016,12,174.041,-6.614
228,OtherPEN,2017,1,144.39,-16.085
229,OtherPEN,2017,2,151.689,-29.651
230,OtherPEN,2017,3,185.64,7.299
231,OtherPEN,2017,4,200.007,33.951
232,OtherPEN,2017,5,211.911,14.367
233,OtherPEN,2017,6,180.407,11.904
234,OtherPEN,2017,7,232.763,-31.504
235,OtherPEN,2017,8,238.452,52.356
236,OtherPEN,2017,9,240.712,5.689
0,PEN,1998,1,356.49,2.26
1,PEN,1998,2,444.075,115.778
2,PEN,1998,3,444.647,87.585
3,PEN,1998,4,458.848,0.572
4,PEN,1998,5,471.364,14.201
5,PEN,1998,6,502.522,12.516
6,PEN,1998,7,555.869,31.158
7,PEN,1998,8,602.169,53.347
8,PEN,1998,9,617.716,46.3
9,PEN,1998,10,564.81,15.547
10,PEN,1998,11,527.829,-52.906
11,PEN,1998,12,447.539,-36.981
12,PEN,1999,1,364.187,-80.29
13,PEN,1999,2,418.988,-83.352
14,PEN,1999,3,514.83,54.801
15,PEN,1999,4,626.537,95.842
16,PEN,1999,5,710.841,111.707
17,PEN,1999,6,684.873,84.304
18,PEN,1999,7,693.149,-25.968
19,PEN,1999,8,687.22,8.276
20,PEN,1999,9,722.602,-5.929
21,PEN,1999,10,717.733,35.382
22,PEN,1999,11,670.53,-4.869
23,PEN,1999,12,616.348,-47.203
24,PEN,2000,1,519.181,-54.182
25,PEN,2000,2,496.833,-97.167
26,PEN,2000,3,520.663,-22.348
27,PEN,2000,4,544.762,23.83
28,PEN,2000,5,559.816,24.099
29,PEN,2000,6,569.162,15.054
30,PEN,2000,7,606.796,9.346
31,PEN,2000,8,651.134,37.634
32,PEN,2000,9,715.332,44.338
33,PEN,2000,10,739.307,64.198
34,PEN,2000,11,731.817,23.975
35,PEN,2000,12,556.736,-7.49
36,PEN,2001,1,644.273,-175.081
37,PEN,2001,2,561.089,87.537
38,PEN,2001,3,566.632,-83.184
39,PEN,2001,4,592.247,5.543
40,PEN,2001,5,630.573,25.615
41,PEN,2001,6,609.374,38.326
42,PEN,2001,7,627.488,-21.199
43,PEN,2001,8,678.293,18.114
44,PEN,2001,9,694.019,50.805
45,PEN,2001,10,703.809,15.726
46,PEN,2001,11,625.205,9.79
47,PEN,2001,12,544.336,-78.604
48,PEN,2002,1,551.702,-80.869
49,PEN,2002,2,444.383,7.366
50,PEN,2002,3,524.576,-107.319
51,PEN,2002,4,499.125,80.193
52,PEN,2002,5,542.553,-25.451
53,PEN,2002,6,581.234,43.428
54,PEN,2002,7,654.899,38.681
55,PEN,2002,8,685.574,73.665
56,PEN,2002,9,723.513,30.675
57,PEN,2002,10,703.186,37.939
58,PEN,2002,11,598.405,-20.327
59,PEN,2002,12,509.856,-104.781
60,PEN,2003,1,498.469,-88.549
61,PEN,2003,2,470.646,-11.387
62,PEN,2003,3,621.338,-27.823
63,PEN,2003,4,681.05,150.692
64,PEN,2003,5,721.218,59.712
65,PEN,2003,6,748.774,40.168
66,PEN,2003,7,792.685,27.556
67,PEN,2003,8,773.273,43.911
68,PEN,2003,9,761.33,-19.412
69,PEN,2003,10,666.069,-11.943
70,PEN,2003,11,554.983,-95.261
71,PEN,2003,12,655.064,-111.086
72,PEN,2004,1,491.712,100.081
73,PEN,2004,2,521.543,-163.352
74,PEN,2004,3,580.0,29.831
75,PEN,2004,4,600.385,58.457
76,PEN,2004,5,665.648,20.385
77,PEN,2004,6,721.981,65.263
78,PEN,2004,7,764.962,56.333
79,PEN,2004,8,752.585,42.981
80,PEN,2004,9,822.44,-12.377
81,PEN,2004,10,758.93,69.855
82,PEN,2004,11,681.962,-63.51
83,PEN,2004,12,731.927,-76.968
84,PEN,2005,1,652.004,49.965
85,PEN,2005,2,594.663,-79.923
86,PEN,2005,3,712.142,-57.341
87,PEN,2005,4,701.522,117.479
88,PEN,2005,5,777.458,-10.62
89,PEN,2005,6,747.941,75.936
90,PEN,2005,7,784.071,-29.517
91,PEN,2005,8,772.375,36.13
92,PEN,2005,9,773.726,-11.696
93,PEN,2005,10,707.632,1.351
94,PEN,2005,11,583.471,-66.094
95,PEN,2005,12,484.247,-124.161
96,PEN,2006,1,464.38,-99.224
97,PEN,2006,2,605.942,-19.867
98,PEN,2006,3,713.755,141.562
99,PEN,2006,4,775.63,107.813
100,PEN,2006,5,825.918,61.875
101,PEN,2006,6,795.107,50.288
102,PEN,2006,7,840.352,-30.811
103,PEN,2006,8,918.956,45.245
104,PEN,2006,9,905.189,78.604
105,PEN,2006,10,728.664,-13.767
106,PEN,2006,11,825.163,-176.525
107,PEN,2006,12,572.991,96.499
108,PEN,2007,1,576.415,-252.172
109,PEN,2007,2,509.991,3.424
110,PEN,2007,3,598.81,-66.424
111,PEN,2007,4,610.218,88.819
112,PEN,2007,5,644.468,11.408
113,PEN,2007,6,641.47,34.25
114,PEN,2007,7,786.816,-2.998
115,PEN,2007,8,869.097,145.346
116,PEN,2007,9,865.658,82.281
117,PEN,2007,10,872.855,-3.439
118,PEN,2007,11,909.123,7.197
119,PEN,2007,12,742.081,36.268
120,PEN,2008,1,787.795,-167.042
121,PEN,2008,2,730.174,45.714
122,PEN,2008,3,787.36,-57.621
123,PEN,2008,4,758.691,57.186
124,PEN,2008,5,831.264,-28.669
125,PEN,2008,6,842.333,72.573
126,PEN,2008,7,906.701,11.069
127,PEN,2008,8,927.078,64.368
128,PEN,2008,9,876.553,20.377
129,PEN,2008,10,906.393,-50.525
130,PEN,2008,11,939.757,29.84
131,PEN,2008,12,835.541,33.364
132,PEN,2009,1,736.822,-104.216
133,PEN,2009,2,711.676,-98.719
134,PEN,2009,3,742.718,-25.146
135,PEN,2009,4,756.225,31.042
136,PEN,2009,5,830.678,13.507
137,PEN,2009,6,879.996,74.453
138,PEN,2009,7,945.86,49.318
139,PEN,2009,8,889.197,65.864
140,PEN,2009,9,869.712,-56.663
141,PEN,2009,10,1113.726,-19.485
142,PEN,2009,11,851.41,244.014
143,PEN,2009,12,792.444,-262.316
144,PEN,2010,1,693.322,-58.966
145,PEN,2010,2,642.772,-99.122
146,PEN,2010,3,780.951,-50.55
147,PEN,2010,4,723.137,138.179
148,PEN,2010,5,788.117,-57.814
149,PEN,2010,6,847.11,64.98
150,PEN,2010,7,904.765,58.993
151,PEN,2010,8,902.408,57.655
152,PEN,2010,9,866.79,-2.357
153,PEN,2010,10,895.859,-35.618
154,PEN,2010,11,805.72,29.069
155,PEN,2010,12,647.185,-90.139
156,PEN,2011,1,572.797,-158.535
157,PEN,2011,2,598.827,-74.388
158,PEN,2011,3,791.471,26.03
159,PEN,2011,4,837.73,192.644
160,PEN,2011,5,965.687,46.259
161,PEN,2011,6,955.763,127.957
162,PEN,2011,7,964.884,-9.924
163,PEN,2011,8,923.605,9.121
164,PEN,2011,9,1047.711,-41.279
165,PEN,2011,10,1056.366,124.106
166,PEN,2011,11,886.663,8.655
167,PEN,2011,12,770.373,-169.703
168,PEN,2012,1,662.654,-116.29
169,PEN,2012,2,648.731,-107.719
170,PEN,2012,3,659.168,-13.923
171,PEN,2012,4,703.812,10.437
172,PEN,2012,5,766.668,44.644
173,PEN,2012,6,842.838,62.856
174,PEN,2012,7,993.104,76.17
175,PEN,2012,8,942.3,150.266
176,PEN,2012,9,1130.191,-50.804
177,PEN,2012,10,1059.899,187.891
178,PEN,2012,11,990.722,-70.292
179,PEN,2012,12,916.168,-69.177
180,PEN,2013,1,830.359,-74.554
181,PEN,2013,2,661.088,-85.809
182,PEN,2013,3,678.958,-169.271
183,PEN,2013,4,729.67,17.87
184,PEN,2013,5,747.035,50.712
185,PEN,2013,6,797.68,17.365
186,PEN,2013,7,943.885,50.645
187,PEN,2013,8,952.32,146.205
188,PEN,2013,9,1068.819,8.435
189,PEN,2013,10,1092.168,116.499
190,PEN,2013,11,987.147,23.349
191,PEN,2013,12,839.02,-105.021
192,PEN,2014,1,779.749,-148.127
193,PEN,2014,2,647.991,-59.271
194,PEN,2014,3,769.518,-131.758
195,PEN,2014,4,798.5,121.527
196,PEN,2014,5,858.806,28.982
197,PEN,2014,6,852.663,60.306
198,PEN,2014,7,920.576,-6.143
199,PEN,2014,8,1096.701,67.913
200,PEN,2014,9,996.616,176.125
201,PEN,2014,10,971.337,-100.085
202,PEN,2014,11,871.042,-25.279
203,PEN,2014,12,608.613,-100.295
204,PEN,2015,1,551.155,-262.429
205,PEN,2015,2,605.632,-57.458
206,PEN,2015,3,842.832,54.477
207,PEN,2015,4,933.069,237.2
208,PEN,2015,5,972.577,90.237
209,PEN,2015,6,963.595,39.508
210,PEN,2015,7,1012.264,-8.982
211,PEN,2015,8,1118.845,48.669
212,PEN,2015,9,1027.685,106.581
213,PEN,2015,10,1023.028,-91.16
214,PEN,2015,11,813.127,-4.657
215,PEN,2015,12,672.655,-209.901
216,PEN,2016,1,557.687,-140.472
217,PEN,2016,2,573.968,-114.968
218,PEN,2016,3,664.033,16.281
219,PEN,2016,4,690.25,90.065
220,PEN,2016,5,697.329,26.217
221,PEN,2016,6,759.765,7.079
222,PEN,2016,7,765.791,62.436
223,PEN,2016,8,848.25,6.026
224,PEN,2016,9,870.813,82.459
225,PEN,2016,10,855.692,22.563
226,PEN,2016,11,829.251,-15.121
227,PEN,2016,12,774.394,-26.441
228,PEN,2017,1,633.767,-54.857
229,PEN,2017,2,660.446,-140.627
230,PEN,2017,3,774.698,26.679
231,PEN,2017,4,820.077,114.252
232,PEN,2017,5,865.067,45.379
233,PEN,2017,6,760.05,44.99
234,PEN,2017,7,986.796,-105.017
235,PEN,2017,8,980.377,226.746
236,PEN,2017,9,970.19,-6.419
0,SBH,1998,1,137.915,-10.187
1,SBH,1998,2,137.442,-832.275
2,SBH,1998,3,134.33,-0.473
3,SBH,1998,4,137.721,-3.112
4,SBH,1998,5,148.06,3.391
5,SBH,1998,6,174.326,10.339
6,SBH,1998,7,187.407,26.266
7,SBH,1998,8,208.691,13.081
8,SBH,1998,9,223.806,21.284
9,SBH,1998,10,196.993,15.115
10,SBH,1998,11,178.618,-26.813
11,SBH,1998,12,150.424,-18.375
12,SBH,1999,1,118.217,-28.194
13,SBH,1999,2,118.282,-32.207
14,SBH,1999,3,155.756,0.065
15,SBH,1999,4,227.855,37.474
16,SBH,1999,5,256.386,72.099
17,SBH,1999,6,240.458,28.531
18,SBH,1999,7,229.728,-15.928
19,SBH,1999,8,240.193,-10.73
20,SBH,1999,9,270.653,10.465
21,SBH,1999,10,281.645,30.46
22,SBH,1999,11,273.292,10.992
23,SBH,1999,12,252.051,-8.353
24,SBH,2000,1,216.64,-21.241
25,SBH,2000,2,184.981,-35.411
26,SBH,2000,3,189.578,-31.659
27,SBH,2000,4,198.658,4.597
28,SBH,2000,5,222.389,9.08
29,SBH,2000,6,218.105,23.731
30,SBH,2000,7,204.465,-4.284
31,SBH,2000,8,245.728,-13.64
32,SBH,2000,9,332.328,41.263
33,SBH,2000,10,383.151,86.6
34,SBH,2000,11,375.778,50.823
35,SBH,2000,12,338.519,-7.373
36,SBH,2001,1,365.566,-37.259
37,SBH,2001,2,286.907,27.047
38,SBH,2001,3,278.886,-78.659
39,SBH,2001,4,286.453,-8.021
40,SBH,2001,5,313.896,7.567
41,SBH,2001,6,279.042,27.443
42,SBH,2001,7,231.558,-34.854
43,SBH,2001,8,250.978,-47.484
44,SBH,2001,9,338.586,19.42
45,SBH,2001,10,363.789,87.608
46,SBH,2001,11,373.772,25.203
47,SBH,2001,12,346.735,9.983
48,SBH,2002,1,324.896,-27.037
49,SBH,2002,2,281.334,-21.839
50,SBH,2002,3,313.911,-43.562
51,SBH,2002,4,313.151,32.577
52,SBH,2002,5,331.207,-0.76
53,SBH,2002,6,312.502,18.056
54,SBH,2002,7,294.384,-18.705
55,SBH,2002,8,361.363,-18.118
56,SBH,2002,9,438.408,66.979
57,SBH,2002,10,441.737,77.045
58,SBH,2002,11,392.575,3.329
59,SBH,2002,12,346.96,-49.162
60,SBH,2003,1,300.899,-45.615
61,SBH,2003,2,242.668,-46.061
62,SBH,2003,3,303.131,-58.231
63,SBH,2003,4,348.802,60.463
64,SBH,2003,5,391.751,45.671
65,SBH,2003,6,400.536,42.949
66,SBH,2003,7,408.498,8.785
67,SBH,2003,8,432.255,7.962
68,SBH,2003,9,439.057,23.757
69,SBH,2003,10,440.273,6.802
70,SBH,2003,11,423.035,1.216
71,SBH,2003,12,392.492,-17.238
72,SBH,2004,1,309.02,-30.543
73,SBH,2004,2,270.112,-83.472
74,SBH,2004,3,282.681,-38.908
75,SBH,2004,4,333.11,12.569
76,SBH,2004,5,356.805,50.429
77,SBH,2004,6,370.132,23.695
78,SBH,2004,7,415.394,13.327
79,SBH,2004,8,457.54,45.262
80,SBH,2004,9,536.311,42.146
81,SBH,2004,10,487.149,78.771
82,SBH,2004,11,473.886,-49.162
83,SBH,2004,12,473.421,-13.263
84,SBH,2005,1,401.391,-0.465
85,SBH,2005,2,363.183,-72.03
86,SBH,2005,3,401.129,-38.208
87,SBH,2005,4,440.021,37.946
88,SBH,2005,5,418.686,38.892
89,SBH,2005,6,363.08,-21.335
90,SBH,2005,7,394.656,-55.606
91,SBH,2005,8,465.537,31.576
92,SBH,2005,9,521.44,70.881
93,SBH,2005,10,560.126,55.903
94,SBH,2005,11,521.919,38.686
95,SBH,2005,12,482.596,-38.207
96,SBH,2006,1,376.082,-39.323
97,SBH,2006,2,346.248,-106.514
98,SBH,2006,3,420.011,-29.834
99,SBH,2006,4,429.013,73.763
100,SBH,2006,5,445.565,9.002
101,SBH,2006,6,416.951,16.552
102,SBH,2006,7,408.907,-28.614
103,SBH,2006,8,465.689,-8.044
104,SBH,2006,9,543.77,56.782
105,SBH,2006,10,526.143,78.081
106,SBH,2006,11,575.674,-17.627
107,SBH,2006,12,451.564,49.531
108,SBH,2007,1,423.055,-124.11
109,SBH,2007,2,384.933,-28.509
110,SBH,2007,3,381.805,-38.122
111,SBH,2007,4,402.62,-3.128
112,SBH,2007,5,439.441,20.815
113,SBH,2007,6,409.739,36.821
114,SBH,2007,7,427.021,-29.702
115,SBH,2007,8,521.197,17.282
116,SBH,2007,9,557.565,94.176
117,SBH,2007,10,531.151,36.368
118,SBH,2007,11,569.474,-26.414
119,SBH,2007,12,513.484,38.323
120,SBH,2008,1,490.952,-55.99
121,SBH,2008,2,383.294,-22.532
122,SBH,2008,3,389.709,-107.658
123,SBH,2008,4,436.896,6.415
124,SBH,2008,5,488.106,47.187
125,SBH,2008,6,483.471,51.21
126,SBH,2008,7,489.868,-4.635
127,SBH,2008,8,495.537,6.397
128,SBH,2008,9,516.808,5.669
129,SBH,2008,10,552.97,21.271
130,SBH,2008,11,530.532,36.162
131,SBH,2008,12,482.286,-22.438
132,SBH,2009,1,453.219,-48.246
133,SBH,2009,2,351.042,-29.067
134,SBH,2009,3,396.228,-102.177
135,SBH,2009,4,390.533,45.186
136,SBH,2009,5,408.48,-5.695
137,SBH,2009,6,414.955,17.947
138,SBH,2009,7,396.122,6.475
139,SBH,2009,8,429.902,-18.833
140,SBH,2009,9,492.832,33.78
141,SBH,2009,10,628.18,62.93
142,SBH,2009,11,546.572,135.348
143,SBH,2009,12,545.835,-81.608
144,SBH,2010,1,470.755,-0.737
145,SBH,2010,2,396.728,-75.08
146,SBH,2010,3,453.627,-74.027
147,SBH,2010,4,427.784,56.899
148,SBH,2010,5,428.519,-25.843
149,SBH,2010,6,405.204,0.735
150,SBH,2010,7,420.933,-23.315
151,SBH,2010,8,479.973,15.729
152,SBH,2010,9,472.983,59.04
153,SBH,2010,10,507.82,-6.99
154,SBH,2010,11,450.794,34.837
155,SBH,2010,12,400.876,-57.026
156,SBH,2011,1,324.374,-49.918
157,SBH,2011,2,339.035,-76.502
158,SBH,2011,3,434.568,14.661
159,SBH,2011,4,479.077,95.533
160,SBH,2011,5,542.987,44.509
161,SBH,2011,6,565.368,63.91
162,SBH,2011,7,547.717,22.381
163,SBH,2011,8,500.727,-17.651
164,SBH,2011,9,549.636,-46.99
165,SBH,2011,10,570.812,48.909
166,SBH,2011,11,495.417,21.176
167,SBH,2011,12,492.259,-75.395
168,SBH,2012,1,417.903,-3.158
169,SBH,2012,2,361.81,-74.356
170,SBH,2012,3,371.555,-56.093
171,SBH,2012,4,373.205,9.745
172,SBH,2012,5,396.741,1.65
173,SBH,2012,6,405.082,23.536
174,SBH,2012,7,437.444,8.341
175,SBH,2012,8,447.029,32.362
176,SBH,2012,9,559.545,9.585
177,SBH,2012,10,567.584,112.516
178,SBH,2012,11,603.032,8.039
179,SBH,2012,12,599.107,35.448
180,SBH,2013,1,534.842,-3.925
181,SBH,2013,2,444.691,-64.265
182,SBH,2013,3,453.578,-90.151
183,SBH,2013,4,443.316,8.887
184,SBH,2013,5,420.917,-10.262
185,SBH,2013,6,386.525,-22.399
186,SBH,2013,7,435.938,-34.392
187,SBH,2013,8,474.667,49.413
188,SBH,2013,9,515.982,38.729
189,SBH,2013,10,549.063,41.315
190,SBH,2013,11,566.109,33.081
191,SBH,2013,12,549.59,17.046
192,SBH,2014,1,481.341,-16.519
193,SBH,2014,2,417.415,-68.249
194,SBH,2014,3,475.637,-63.926
195,SBH,2014,4,494.911,58.222
196,SBH,2014,5,526.124,19.274
197,SBH,2014,6,472.104,31.213
198,SBH,2014,7,456.41,-54.02
199,SBH,2014,8,556.614,-15.694
200,SBH,2014,9,544.375,100.204
201,SBH,2014,10,573.601,-12.239
202,SBH,2014,11,569.465,29.226
203,SBH,2014,12,489.781,-4.136
204,SBH,2015,1,401.299,-79.684
205,SBH,2015,2,325.83,-88.482
206,SBH,2015,3,405.83,-75.469
207,SBH,2015,4,475.838,80.0
208,SBH,2015,5,530.644,70.008
209,SBH,2015,6,489.764,54.806
210,SBH,2015,7,476.371,-40.88
211,SBH,2015,8,540.882,-13.393
212,SBH,2015,9,533.54,64.511
213,SBH,2015,10,593.579,-7.342
214,SBH,2015,11,516.224,60.039
215,SBH,2015,12,432.288,-77.355
216,SBH,2016,1,338.074,-83.936
217,SBH,2016,2,266.455,-94.214
218,SBH,2016,3,314.867,-71.619
219,SBH,2016,4,353.501,48.412
220,SBH,2016,5,400.438,38.634
221,SBH,2016,6,461.788,46.937
222,SBH,2016,7,475.506,61.35
223,SBH,2016,8,479.398,13.718
224,SBH,2016,9,477.165,3.892
225,SBH,2016,10,471.408,-2.233
226,SBH,2016,11,424.695,-5.757
227,SBH,2016,12,384.16,-46.713
228,SBH,2017,1,347.609,-40.535
229,SBH,2017,2,323.244,-36.551
230,SBH,2017,3,386.05,-24.365
231,SBH,2017,4,428.152,62.806
232,SBH,2017,5,461.65,42.102
233,SBH,2017,6,428.835,33.498
234,SBH,2017,7,462.153,-32.815
235,SBH,2017,8,437.788,33.318
236,SBH,2017,9,428.842,-24.365
0,SWK,1998,1,19.311,-8.946
1,SWK,1998,2,19.734,-409.531
2,SWK,1998,3,19.716,0.423
3,SWK,1998,4,21.72,-0.018
4,SWK,1998,5,23.252,2.004
5,SWK,1998,6,24.321,1.532
6,SWK,1998,7,29.241,1.069
7,SWK,1998,8,32.202,4.92
8,SWK,1998,9,33.587,2.961
9,SWK,1998,10,32.504,1.385
10,SWK,1998,11,28.751,-1.083
11,SWK,1998,12,25.732,-3.753
12,SWK,1999,1,23.36,-3.019
13,SWK,1999,2,25.803,-2.372
14,SWK,1999,3,33.317,2.443
15,SWK,1999,4,40.118,7.514
16,SWK,1999,5,39.372,6.801
17,SWK,1999,6,38.879,-0.746
18,SWK,1999,7,37.524,-0.493
19,SWK,1999,8,42.529,-1.355
20,SWK,1999,9,49.715,5.005
21,SWK,1999,10,48.463,7.186
22,SWK,1999,11,45.016,-1.252
23,SWK,1999,12,37.468,-3.447
24,SWK,2000,1,33.499,-7.548
25,SWK,2000,2,30.848,-3.969
26,SWK,2000,3,33.189,-2.651
27,SWK,2000,4,35.913,2.341
28,SWK,2000,5,36.695,2.724
29,SWK,2000,6,30.147,0.782
30,SWK,2000,7,35.884,-6.548
31,SWK,2000,8,55.333,5.737
32,SWK,2000,9,63.064,19.449
33,SWK,2000,10,60.752,7.731
34,SWK,2000,11,57.456,-2.312
35,SWK,2000,12,47.456,-3.296
36,SWK,2001,1,52.652,-10.0
37,SWK,2001,2,40.771,5.196
38,SWK,2001,3,42.0,-11.881
39,SWK,2001,4,43.009,1.229
40,SWK,2001,5,40.592,1.009
41,SWK,2001,6,36.439,-2.417
42,SWK,2001,7,38.021,-4.153
43,SWK,2001,8,51.832,1.582
44,SWK,2001,9,68.13,13.811
45,SWK,2001,10,73.476,16.298
46,SWK,2001,11,65.727,5.346
47,SWK,2001,12,57.633,-7.749
48,SWK,2002,1,58.789,-8.094
49,SWK,2002,2,48.295,1.156
50,SWK,2002,3,55.152,-10.494
51,SWK,2002,4,52.092,6.857
52,SWK,2002,5,51.602,-3.06
53,SWK,2002,6,49.704,-0.49
54,SWK,2002,7,60.216,-1.898
55,SWK,2002,8,69.835,10.512
56,SWK,2002,9,79.039,9.619
57,SWK,2002,10,79.933,9.204
58,SWK,2002,11,67.698,0.894
59,SWK,2002,12,65.509,-12.235
60,SWK,2003,1,63.939,-2.189
61,SWK,2003,2,52.262,-1.57
62,SWK,2003,3,60.637,-11.677
63,SWK,2003,4,59.821,8.375
64,SWK,2003,5,60.457,-0.816
65,SWK,2003,6,69.718,0.636
66,SWK,2003,7,82.463,9.261
67,SWK,2003,8,93.011,12.745
68,SWK,2003,9,96.646,10.548
69,SWK,2003,10,86.342,3.635
70,SWK,2003,11,76.674,-10.304
71,SWK,2003,12,84.503,-9.668
72,SWK,2004,1,75.764,7.829
73,SWK,2004,2,70.899,-8.739
74,SWK,2004,3,78.069,-4.865
75,SWK,2004,4,75.227,7.17
76,SWK,2004,5,76.845,-2.842
77,SWK,2004,6,78.543,1.618
78,SWK,2004,7,91.1,1.698
79,SWK,2004,8,112.012,12.557
80,SWK,2004,9,129.464,20.912
81,SWK,2004,10,116.244,17.452
82,SWK,2004,11,104.048,-13.22
83,SWK,2004,12,108.331,-12.196
84,SWK,2005,1,99.78,4.283
85,SWK,2005,2,90.335,-8.551
86,SWK,2005,3,102.633,-9.445
87,SWK,2005,4,105.395,12.298
88,SWK,2005,5,103.323,2.762
89,SWK,2005,6,95.697,-2.072
90,SWK,2005,7,113.462,-7.626
91,SWK,2005,8,127.904,17.765
92,SWK,2005,9,136.488,14.442
93,SWK,2005,10,132.955,8.584
94,SWK,2005,11,120.731,-3.533
95,SWK,2005,12,107.935,-12.224
96,SWK,2006,1,96.131,-12.796
97,SWK,2006,2,99.714,-11.804
98,SWK,2006,3,109.438,3.583
99,SWK,2006,4,106.163,9.724
100,SWK,2006,5,119.864,-3.275
101,SWK,2006,6,116.339,13.701
102,SWK,2006,7,125.802,-3.525
103,SWK,2006,8,152.591,9.463
104,SWK,2006,9,161.081,26.789
105,SWK,2006,10,145.329,8.49
106,SWK,2006,11,150.847,-15.752
107,SWK,2006,12,119.823,5.518
108,SWK,2007,1,115.87,-31.024
109,SWK,2007,2,94.757,-3.953
110,SWK,2007,3,100.615,-21.113
111,SWK,2007,4,112.888,5.858
112,SWK,2007,5,117.346,12.273
113,SWK,2007,6,114.975,4.458
114,SWK,2007,7,143.119,-2.371
115,SWK,2007,8,169.068,28.144
116,SWK,2007,9,178.842,25.949
117,SWK,2007,10,175.803,9.774
118,SWK,2007,11,171.407,-3.039
119,SWK,2007,12,140.569,-4.396
120,SWK,2008,1,145.497,-30.838
121,SWK,2008,2,114.501,4.928
122,SWK,2008,3,117.641,-30.996
123,SWK,2008,4,132.004,3.14
124,SWK,2008,5,138.508,14.363
125,SWK,2008,6,143.117,6.504
126,SWK,2008,7,163.646,4.609
127,SWK,2008,8,177.599,20.529
128,SWK,2008,9,186.081,13.953
129,SWK,2008,10,192.708,8.482
130,SWK,2008,11,188.128,6.627
131,SWK,2008,12,164.942,-4.58
132,SWK,2009,1,140.154,-23.186
133,SWK,2009,2,124.663,-24.788
134,SWK,2009,3,136.876,-15.491
135,SWK,2009,4,139.301,12.213
136,SWK,2009,5,156.117,2.425
137,SWK,2009,6,150.986,16.816
138,SWK,2009,7,150.976,-5.131
139,SWK,2009,8,176.974,-0.00999999999999
140,SWK,2009,9,195.22,25.998
141,SWK,2009,10,242.13,18.246
142,SWK,2009,11,197.61,46.91
143,SWK,2009,12,181.784,-44.52
144,SWK,2010,1,157.227,-15.826
145,SWK,2010,2,117.314,-24.557
146,SWK,2010,3,152.656,-39.913
147,SWK,2010,4,155.307,35.342
148,SWK,2010,5,168.788,2.651
149,SWK,2010,6,167.748,13.481
150,SWK,2010,7,193.055,-1.04
151,SWK,2010,8,224.182,25.307
152,SWK,2010,9,223.139,31.127
153,SWK,2010,10,232.881,-1.043
154,SWK,2010,11,202.514,9.742
155,SWK,2010,12,184.546,-30.367
156,SWK,2011,1,160.792,-17.968
157,SWK,2011,2,156.611,-23.754
158,SWK,2011,3,189.993,-4.181
159,SWK,2011,4,213.202,33.382
160,SWK,2011,5,231.578,23.209
161,SWK,2011,6,232.072,18.376
162,SWK,2011,7,238.663,0.494
163,SWK,2011,8,242.898,6.591
164,SWK,2011,9,272.022,4.235
165,SWK,2011,10,281.244,29.124
166,SWK,2011,11,244.588,9.222
167,SWK,2011,12,232.261,-36.656
168,SWK,2012,1,206.637,-12.327
169,SWK,2012,2,174.585,-25.624
170,SWK,2012,3,180.521,-32.052
171,SWK,2012,4,195.609,5.936
172,SWK,2012,5,220.326,15.088
173,SWK,2012,6,222.717,24.717
174,SWK,2012,7,261.368,2.391
175,SWK,2012,8,273.377,38.651
176,SWK,2012,9,314.502,12.009
177,SWK,2012,10,310.947,41.125
178,SWK,2012,11,294.604,-3.555
179,SWK,2012,12,264.987,-16.343
180,SWK,2013,1,237.291,-29.617
181,SWK,2013,2,189.797,-27.696
182,SWK,2013,3,192.592,-47.494
183,SWK,2013,4,193.509,2.795
184,SWK,2013,5,216.36,0.917
185,SWK,2013,6,231.54,22.851
186,SWK,2013,7,295.034,15.18
187,SWK,2013,8,308.305,63.494
188,SWK,2013,9,327.374,13.271
189,SWK,2013,10,331.018,19.069
190,SWK,2013,11,307.858,3.644
191,SWK,2013,12,278.393,-23.16
192,SWK,2014,1,247.879,-29.465
193,SWK,2014,2,212.593,-30.514
194,SWK,2014,3,251.987,-35.286
195,SWK,2014,4,262.366,39.394
196,SWK,2014,5,272.027,10.379
197,SWK,2014,6,245.021,9.661
198,SWK,2014,7,288.626,-27.006
199,SWK,2014,8,378.439,43.605
200,SWK,2014,9,355.908,89.813
201,SWK,2014,10,348.023,-22.531
202,SWK,2014,11,310.06,-7.885
203,SWK,2014,12,266.403,-37.963
204,SWK,2015,1,208.233,-43.657
205,SWK,2015,2,190.166,-58.17
206,SWK,2015,3,246.489,-18.067
207,SWK,2015,4,284.518,56.323
208,SWK,2015,5,307.488,38.029
209,SWK,2015,6,310.569,22.97
210,SWK,2015,7,326.996,3.081
211,SWK,2015,8,391.273,16.427
212,SWK,2015,9,397.839,64.277
213,SWK,2015,10,421.0,6.566
214,SWK,2015,11,323.717,23.161
215,SWK,2015,12,294.44,-97.283
216,SWK,2016,1,234.074,-29.277
217,SWK,2016,2,202.434,-60.366
218,SWK,2016,3,240.622,-31.64
219,SWK,2016,4,257.408,38.188
220,SWK,2016,5,266.808,16.786
221,SWK,2016,6,311.06,9.4
222,SWK,2016,7,344.585,44.252
223,SWK,2016,8,374.257,33.525
224,SWK,2016,9,367.147,29.672
225,SWK,2016,10,350.773,-7.11
226,SWK,2016,11,320.989,-16.374
227,SWK,2016,12,315.163,-29.784
228,SWK,2017,1,295.472,-5.826
229,SWK,2017,2,274.848,-19.691
230,SWK,2017,3,303.273,-20.624
231,SWK,2017,4,299.824,28.425
232,SWK,2017,5,327.777,-3.449
233,SWK,2017,6,325.285,27.953
234,SWK,2017,7,378.159,-2.492
235,SWK,2017,8,392.429,52.874
236,SWK,2017,9,380.892,14.27
0,EAST,1998,1,157.226,-11.537
1,EAST,1998,2,157.176,-223.666
2,EAST,1998,3,154.046,-0.05
3,EAST,1998,4,159.441,-3.13
4,EAST,1998,5,171.312,5.395
5,EAST,1998,6,198.647,11.871
6,EAST,1998,7,216.648,27.335
7,EAST,1998,8,240.893,18.001
8,EAST,1998,9,257.393,24.245
9,EAST,1998,10,229.497,16.5
10,EAST,1998,11,207.369,-27.896
11,EAST,1998,12,176.156,-22.128
12,EAST,1999,1,141.577,-31.213
13,EAST,1999,2,144.085,-34.579
14,EAST,1999,3,189.073,2.508
15,EAST,1999,4,267.973,44.988
16,EAST,1999,5,296.0,78.9
17,EAST,1999,6,279.337,28.027
18,EAST,1999,7,267.252,-16.663
19,EAST,1999,8,282.722,-12.085
20,EAST,1999,9,320.0,15.47
21,EAST,1999,10,330.0,37.278
22,EAST,1999,11,318.308,10.0
23,EAST,1999,12,289.519,-11.692
24,EAST,2000,1,250.139,-28.789
25,EAST,2000,2,215.829,-39.38
26,EAST,2000,3,222.767,-34.31
27,EAST,2000,4,234.571,6.938
28,EAST,2000,5,259.084,11.804
29,EAST,2000,6,248.252,24.513
30,EAST,2000,7,240.349,-10.832
31,EAST,2000,8,301.061,-7.903
32,EAST,2000,9,395.0,60.712
33,EAST,2000,10,444.0,93.939
34,EAST,2000,11,433.0,49.0
35,EAST,2000,12,385.975,-11.0
36,EAST,2001,1,418.0,-47.025
37,EAST,2001,2,327.678,32.025
38,EAST,2001,3,320.886,-90.322
39,EAST,2001,4,329.462,-6.792
40,EAST,2001,5,354.488,8.576
41,EAST,2001,6,315.481,25.026
42,EAST,2001,7,269.579,-39.007
43,EAST,2001,8,302.81,-45.902
44,EAST,2001,9,407.0,33.231
45,EAST,2001,10,437.0,104.19
46,EAST,2001,11,439.0,30.0
47,EAST,2001,12,404.368,2.0
48,EAST,2002,1,383.685,-34.632
49,EAST,2002,2,329.629,-20.683
50,EAST,2002,3,369.063,-54.056
51,EAST,2002,4,365.243,39.434
52,EAST,2002,5,382.809,-3.82
53,EAST,2002,6,362.206,17.566
54,EAST,2002,7,355.0,-20.603
55,EAST,2002,8,431.0,-7.206
56,EAST,2002,9,517.0,76.0
57,EAST,2002,10,522.0,86.0
58,EAST,2002,11,460.0,5.0
59,EAST,2002,12,412.469,-62.0
60,EAST,2003,1,364.838,-47.531
61,EAST,2003,2,294.93,-47.631
62,EAST,2003,3,363.768,-69.908
63,EAST,2003,4,409.0,68.838
64,EAST,2003,5,452.0,45.232
65,EAST,2003,6,470.0,43.0
66,EAST,2003,7,491.0,18.0
67,EAST,2003,8,525.0,21.0
68,EAST,2003,9,536.0,34.0
69,EAST,2003,10,527.0,11.0
70,EAST,2003,11,500.0,-9.0
71,EAST,2003,12,477.0,-27.0
72,EAST,2004,1,384.784,-23.0
73,EAST,2004,2,341.011,-92.216
74,EAST,2004,3,360.75,-43.773
75,EAST,2004,4,408.0,19.739
76,EAST,2004,5,434.0,47.25
77,EAST,2004,6,449.0,26.0
78,EAST,2004,7,506.0,15.0
79,EAST,2004,8,570.0,57.0
80,EAST,2004,9,666.0,64.0
81,EAST,2004,10,603.0,96.0
82,EAST,2004,11,578.0,-63.0
83,EAST,2004,12,582.0,-25.0
84,EAST,2005,1,501.0,4.0
85,EAST,2005,2,454.0,-81.0
86,EAST,2005,3,504.0,-47.0
87,EAST,2005,4,545.0,50.0
88,EAST,2005,5,522.0,41.0
89,EAST,2005,6,459.0,-23.0
90,EAST,2005,7,508.0,-63.0
91,EAST,2005,8,593.0,49.0
92,EAST,2005,9,658.0,85.0
93,EAST,2005,10,693.0,65.0
94,EAST,2005,11,643.0,35.0
95,EAST,2005,12,591.0,-50.0
96,EAST,2006,1,472.213,-52.0
97,EAST,2006,2,446.0,-118.787
98,EAST,2006,3,529.0,-26.213
99,EAST,2006,4,535.0,83.0
100,EAST,2006,5,565.0,6.0
101,EAST,2006,6,533.0,30.0
102,EAST,2006,7,535.0,-32.0
103,EAST,2006,8,618.0,2.0
104,EAST,2006,9,705.0,83.0
105,EAST,2006,10,671.0,87.0
106,EAST,2006,11,727.0,-34.0
107,EAST,2006,12,571.0,56.0
108,EAST,2007,1,539.0,-156.0
109,EAST,2007,2,479.69,-32.0
110,EAST,2007,3,482.0,-59.31
111,EAST,2007,4,516.0,2.31
112,EAST,2007,5,557.0,34.0
113,EAST,2007,6,525.0,41.0
114,EAST,2007,7,570.0,-32.0
115,EAST,2007,8,690.0,45.0
116,EAST,2007,9,736.0,120.0
117,EAST,2007,10,707.0,46.0
118,EAST,2007,11,741.0,-29.0
119,EAST,2007,12,654.0,34.0
120,EAST,2008,1,636.0,-87.0
121,EAST,2008,2,498.0,-18.0
122,EAST,2008,3,507.0,-138.0
123,EAST,2008,4,569.0,9.0
124,EAST,2008,5,627.0,62.0
125,EAST,2008,6,627.0,58.0
126,EAST,2008,7,654.0,0.0
127,EAST,2008,8,673.0,27.0
128,EAST,2008,9,703.0,19.0
129,EAST,2008,10,746.0,30.0
130,EAST,2008,11,719.0,43.0
131,EAST,2008,12,647.0,-27.0
132,EAST,2009,1,593.0,-72.0
133,EAST,2009,2,476.0,-54.0
134,EAST,2009,3,533.0,-117.0
135,EAST,2009,4,530.0,57.0
136,EAST,2009,5,565.0,-3.0
137,EAST,2009,6,566.0,35.0
138,EAST,2009,7,547.0,1.0
139,EAST,2009,8,607.0,-19.0
140,EAST,2009,9,688.0,60.0
141,EAST,2009,10,870.0,81.0
142,EAST,2009,11,744.0,182.0
143,EAST,2009,12,728.0,-126.0
144,EAST,2010,1,628.0,-16.0
145,EAST,2010,2,514.0,-100.0
146,EAST,2010,3,606.0,-114.0
147,EAST,2010,4,583.0,92.0
148,EAST,2010,5,597.0,-23.0
149,EAST,2010,6,573.0,14.0
150,EAST,2010,7,614.0,-24.0
151,EAST,2010,8,704.0,41.0
152,EAST,2010,9,696.0,90.0
153,EAST,2010,10,741.0,-8.0
154,EAST,2010,11,653.0,45.0
155,EAST,2010,12,585.0,-88.0
156,EAST,2011,1,485.0,-68.0
157,EAST,2011,2,496.0,-100.0
158,EAST,2011,3,625.0,11.0
159,EAST,2011,4,692.0,129.0
160,EAST,2011,5,775.0,67.0
161,EAST,2011,6,797.0,83.0
162,EAST,2011,7,786.0,22.0
163,EAST,2011,8,744.0,-11.0
164,EAST,2011,9,822.0,-42.0
165,EAST,2011,10,852.0,78.0
166,EAST,2011,11,740.0,30.0
167,EAST,2011,12,725.0,-112.0
168,EAST,2012,1,625.0,-15.0
169,EAST,2012,2,536.0,-100.0
170,EAST,2012,3,552.0,-89.0
171,EAST,2012,4,569.0,16.0
172,EAST,2012,5,617.0,17.0
173,EAST,2012,6,628.0,48.0
174,EAST,2012,7,699.0,11.0
175,EAST,2012,8,720.0,71.0
176,EAST,2012,9,874.0,21.0
177,EAST,2012,10,879.0,154.0
178,EAST,2012,11,898.0,5.0
179,EAST,2012,12,864.0,19.0
180,EAST,2013,1,772.0,-34.0
181,EAST,2013,2,634.0,-92.0
182,EAST,2013,3,646.0,-138.0
183,EAST,2013,4,637.0,12.0
184,EAST,2013,5,637.0,-9.0
185,EAST,2013,6,618.0,0.0
186,EAST,2013,7,731.0,-19.0
187,EAST,2013,8,783.0,113.0
188,EAST,2013,9,843.0,52.0
189,EAST,2013,10,880.0,60.0
190,EAST,2013,11,874.0,37.0
191,EAST,2013,12,828.0,-6.0
192,EAST,2014,1,729.0,-46.0
193,EAST,2014,2,630.0,-99.0
194,EAST,2014,3,728.0,-99.0
195,EAST,2014,4,757.0,98.0
196,EAST,2014,5,798.0,29.0
197,EAST,2014,6,717.0,41.0
198,EAST,2014,7,745.0,-81.0
199,EAST,2014,8,935.0,28.0
200,EAST,2014,9,900.0,190.0
201,EAST,2014,10,922.0,-35.0
202,EAST,2014,11,880.0,22.0
203,EAST,2014,12,756.0,-42.0
204,EAST,2015,1,610.0,-124.0
205,EAST,2015,2,516.0,-146.0
206,EAST,2015,3,652.0,-94.0
207,EAST,2015,4,760.0,136.0
208,EAST,2015,5,838.0,108.0
209,EAST,2015,6,800.0,78.0
210,EAST,2015,7,803.0,-38.0
211,EAST,2015,8,932.0,3.0
212,EAST,2015,9,931.0,129.0
213,EAST,2015,10,1014.0,-1.0
214,EAST,2015,11,840.0,83.0
215,EAST,2015,12,727.0,-174.0
216,EAST,2016,1,572.0,-113.0
217,EAST,2016,2,469.0,-155.0
218,EAST,2016,3,555.0,-103.0
219,EAST,2016,4,611.0,86.0
220,EAST,2016,5,667.0,56.0
221,EAST,2016,6,773.0,56.0
222,EAST,2016,7,820.0,106.0
223,EAST,2016,8,854.0,47.0
224,EAST,2016,9,844.0,34.0
225,EAST,2016,10,822.0,-10.0
226,EAST,2016,11,746.0,-22.0
227,EAST,2016,12,699.0,-76.0
228,EAST,2017,1,643.0,-47.0
229,EAST,2017,2,598.0,-56.0
230,EAST,2017,3,689.0,-45.0
231,EAST,2017,4,728.0,91.0
232,EAST,2017,5,789.0,39.0
233,EAST,2017,6,754.0,61.0
234,EAST,2017,7,840.0,-35.0
235,EAST,2017,8,830.0,86.0
236,EAST,2017,9,810.0,-10.0
0,Production,1998,1,513.716,-20.0
1,Production,1998,2,601.251,-296.284
2,Production,1998,3,598.693,87.535
3,Production,1998,4,618.289,-2.558
4,Production,1998,5,642.676,19.596
5,Production,1998,6,701.169,24.387
6,Production,1998,7,772.517,58.493
7,Production,1998,8,843.062,71.348
8,Production,1998,9,875.109,70.545
9,Production,1998,10,794.307,32.047
10,Production,1998,11,735.198,-80.802
11,Production,1998,12,623.695,-59.109
12,Production,1999,1,505.764,-111.503
13,Production,1999,2,563.073,-117.931
14,Production,1999,3,703.903,57.309
15,Production,1999,4,894.51,140.83
16,Production,1999,5,1006.599,190.607
17,Production,1999,6,964.21,112.089
18,Production,1999,7,960.401,-42.389
19,Production,1999,8,969.942,-3.809
20,Production,1999,9,1042.97,9.541
21,Production,1999,10,1047.841,73.028
22,Production,1999,11,988.838,4.871
23,Production,1999,12,905.867,-59.003
24,Production,2000,1,769.32,-82.971
25,Production,2000,2,712.662,-136.547
26,Production,2000,3,743.43,-56.658
27,Production,2000,4,779.333,30.768
28,Production,2000,5,818.9,35.903
29,Production,2000,6,817.414,39.567
30,Production,2000,7,847.145,-1.486
31,Production,2000,8,952.195,29.731
32,Production,2000,9,1110.724,105.05
33,Production,2000,10,1183.21,158.529
34,Production,2000,11,1165.051,72.486
35,Production,2000,12,942.711,-18.159
36,Production,2001,1,1062.491,-222.34
37,Production,2001,2,888.767,119.78
38,Production,2001,3,887.518,-173.724
39,Production,2001,4,921.709,-1.249
40,Production,2001,5,985.061,34.191
41,Production,2001,6,924.855,63.352
42,Production,2001,7,897.067,-60.206
43,Production,2001,8,981.103,-27.788
44,Production,2001,9,1100.735,84.036
45,Production,2001,10,1141.074,119.632
46,Production,2001,11,1064.704,40.339
47,Production,2001,12,948.704,-76.37
48,Production,2002,1,935.387,-116.0
49,Production,2002,2,774.012,-13.317
50,Production,2002,3,893.639,-161.375
51,Production,2002,4,864.368,119.627
52,Production,2002,5,925.362,-29.271
53,Production,2002,6,943.44,60.994
54,Production,2002,7,1009.499,18.078
55,Production,2002,8,1116.772,66.059
56,Production,2002,9,1240.96,107.273
57,Production,2002,10,1224.856,124.188
58,Production,2002,11,1058.678,-16.104
59,Production,2002,12,922.325,-166.178
60,Production,2003,1,863.307,-136.353
61,Production,2003,2,765.576,-59.018
62,Production,2003,3,985.106,-97.731
63,Production,2003,4,1089.673,219.53
64,Production,2003,5,1173.426,104.567
65,Production,2003,6,1219.028,83.753
66,Production,2003,7,1283.646,45.602
67,Production,2003,8,1298.539,64.618
68,Production,2003,9,1297.033,14.893
69,Production,2003,10,1192.684,-1.506
70,Production,2003,11,1054.692,-104.349
71,Production,2003,12,1132.059,-137.992
72,Production,2004,1,876.496,77.367
73,Production,2004,2,862.554,-255.563
74,Production,2004,3,940.75,-13.942
75,Production,2004,4,1008.722,78.196
76,Production,2004,5,1099.298,67.972
77,Production,2004,6,1170.656,90.576
78,Production,2004,7,1271.456,71.358
79,Production,2004,8,1322.137,100.8
80,Production,2004,9,1488.215,50.681
81,Production,2004,10,1362.323,166.078
82,Production,2004,11,1259.896,-125.892
83,Production,2004,12,1313.679,-102.427
84,Production,2005,1,1153.175,53.783
85,Production,2005,2,1048.181,-160.504
86,Production,2005,3,1215.904,-104.994
87,Production,2005,4,1246.938,167.723
88,Production,2005,5,1299.467,31.034
89,Production,2005,6,1206.718,52.529
90,Production,2005,7,1292.189,-92.749
91,Production,2005,8,1365.816,85.471
92,Production,2005,9,1431.654,73.627
93,Production,2005,10,1400.713,65.838
94,Production,2005,11,1226.121,-30.941
95,Production,2005,12,1074.778,-174.592
96,Production,2006,1,936.593,-151.343
97,Production,2006,2,1051.904,-138.185
98,Production,2006,3,1243.204,115.311
99,Production,2006,4,1310.806,191.3
100,Production,2006,5,1391.347,67.602
101,Production,2006,6,1328.397,80.541
102,Production,2006,7,1375.061,-62.95
103,Production,2006,8,1537.236,46.664
104,Production,2006,9,1610.04,162.175
105,Production,2006,10,1400.136,72.804
106,Production,2006,11,1551.684,-209.904
107,Production,2006,12,1144.378,151.548
108,Production,2007,1,1115.34,-407.306
109,Production,2007,2,989.681,-29.038
110,Production,2007,3,1081.23,-125.659
111,Production,2007,4,1125.726,91.549
112,Production,2007,5,1201.255,44.496
113,Production,2007,6,1166.184,75.529
114,Production,2007,7,1356.956,-35.071
115,Production,2007,8,1559.362,190.772
116,Production,2007,9,1602.065,202.406
117,Production,2007,10,1579.809,42.703
118,Production,2007,11,1650.004,-22.256
119,Production,2007,12,1396.134,70.195
120,Production,2008,1,1424.244,-253.87
121,Production,2008,2,1227.969,28.11
122,Production,2008,3,1294.71,-196.275
123,Production,2008,4,1327.591,66.741
124,Production,2008,5,1457.878,32.881
125,Production,2008,6,1468.921,130.287
126,Production,2008,7,1560.215,11.043
127,Production,2008,8,1600.214,91.294
128,Production,2008,9,1579.442,39.999
129,Production,2008,10,1652.071,-20.772
130,Production,2008,11,1658.417,72.629
131,Production,2008,12,1482.769,6.346
132,Production,2009,1,1330.195,-175.648
133,Production,2009,2,1187.381,-152.574
134,Production,2009,3,1275.822,-142.814
135,Production,2009,4,1286.059,88.441
136,Production,2009,5,1395.275,10.237
137,Production,2009,6,1445.937,109.216
138,Production,2009,7,1492.958,50.662
139,Production,2009,8,1496.073,47.021
140,Production,2009,9,1557.764,3.115
141,Production,2009,10,1984.036,61.691
142,Production,2009,11,1595.592,426.272
143,Production,2009,12,1520.063,-388.444
144,Production,2010,1,1321.304,-75.529
145,Production,2010,2,1156.814,-198.759
146,Production,2010,3,1387.234,-164.49
147,Production,2010,4,1306.228,230.42
148,Production,2010,5,1385.424,-81.006
149,Production,2010,6,1420.062,79.196
150,Production,2010,7,1518.753,34.638
151,Production,2010,8,1606.563,98.691
152,Production,2010,9,1562.912,87.81
153,Production,2010,10,1636.56,-43.651
154,Production,2010,11,1459.028,73.648
155,Production,2010,12,1232.607,-177.532
156,Production,2011,1,1057.961,-226.421
157,Production,2011,2,1094.473,-174.646
158,Production,2011,3,1416.032,36.512
159,Production,2011,4,1530.009,321.559
160,Production,2011,5,1740.252,113.977
161,Production,2011,6,1753.203,210.243
162,Production,2011,7,1751.264,12.951
163,Production,2011,8,1667.23,-1.939
164,Production,2011,9,1869.369,-84.034
165,Production,2011,10,1908.422,202.139
166,Production,2011,11,1626.668,39.053
167,Production,2011,12,1494.893,-281.754
168,Production,2012,1,1287.194,-131.775
169,Production,2012,2,1185.126,-207.699
170,Production,2012,3,1211.244,-102.068
171,Production,2012,4,1272.626,26.118
172,Production,2012,5,1383.735,61.382
173,Production,2012,6,1470.637,111.109
174,Production,2012,7,1691.916,86.902
175,Production,2012,8,1662.706,221.279
176,Production,2012,9,2004.238,-29.21
177,Production,2012,10,1938.43,341.532
178,Production,2012,11,1888.358,-65.808
179,Production,2012,12,1780.262,-50.072
180,Production,2013,1,1602.492,-108.096
181,Production,2013,2,1295.576,-177.77
182,Production,2013,3,1325.128,-306.916
183,Production,2013,4,1366.495,29.552
184,Production,2013,5,1384.312,41.367
185,Production,2013,6,1415.745,17.817
186,Production,2013,7,1674.857,31.433
187,Production,2013,8,1735.292,259.112
188,Production,2013,9,1912.175,60.435
189,Production,2013,10,1972.249,176.883
190,Production,2013,11,1861.114,60.074
191,Production,2013,12,1667.003,-111.135
192,Production,2014,1,1508.969,-194.111
193,Production,2014,2,1277.999,-158.034
194,Production,2014,3,1497.142,-230.97
195,Production,2014,4,1555.777,219.143
196,Production,2014,5,1656.957,58.635
197,Production,2014,6,1569.788,101.18
198,Production,2014,7,1665.612,-87.169
199,Production,2014,8,2031.754,95.824
200,Production,2014,9,1896.899,366.142
201,Production,2014,10,1892.961,-134.855
202,Production,2014,11,1750.567,-3.938
203,Production,2014,12,1364.797,-142.394
204,Production,2015,1,1160.687,-385.77
205,Production,2015,2,1121.628,-204.11
206,Production,2015,3,1495.151,-39.059
207,Production,2015,4,1693.425,373.523
208,Production,2015,5,1810.709,198.274
209,Production,2015,6,1763.928,117.284
210,Production,2015,7,1815.631,-46.781
211,Production,2015,8,2051.0,51.703
212,Production,2015,9,1959.064,235.369
213,Production,2015,10,2037.466,-91.936
214,Production,2015,11,1653.068,78.402
215,Production,2015,12,1399.383,-384.398
216,Production,2016,1,1129.835,-253.685
217,Production,2016,2,1042.857,-269.548
218,Production,2016,3,1219.522,-86.978
219,Production,2016,4,1301.159,176.665
220,Production,2016,5,1364.575,81.637
221,Production,2016,6,1532.613,63.416
222,Production,2016,7,1585.882,168.038
223,Production,2016,8,1701.905,53.269
224,Production,2016,9,1715.125,116.023
225,Production,2016,10,1677.873,13.22
226,Production,2016,11,1574.935,-37.252
227,Production,2016,12,1473.717,-102.938
228,Production,2017,1,1276.848,-101.218
229,Production,2017,2,1258.538,-196.869
230,Production,2017,3,1464.021,-18.31
231,Production,2017,4,1548.053,205.483
232,Production,2017,5,1654.494,84.032
233,Production,2017,6,1514.17,106.441
234,Production,2017,7,1827.108,-140.324
235,Production,2017,8,1810.594,312.938
236,Production,2017,9,1779.924,-16.514
