Region,Year,Month,Rainfall
Johor,1980,1,254.5666667
Johor,1981,1,67.5
Johor,1982,1,124.8333333
Johor,1983,1,149.8666667
Johor,1984,1,446.9
Johor,1985,1,249.5666667
Johor,1986,1,261.5
Johor,1987,1,542.5666667
Johor,1988,1,161.6666667
Johor,1989,1,143.4
Johor,1990,1,95.33333333
Johor,1991,1,175.2333333
Johor,1992,1,149.2833333
Johor,1993,1,275.925
Johor,1994,1,97.4
Johor,1995,1,329.275
Johor,1996,1,259.8
Johor,1997,1,26.025
Johor,1998,1,190.9
Johor,1999,1,215.05
Johor,2000,1,289.0
Johor,2001,1,487.125
Johor,2002,1,176.25
Johor,2003,1,383.375
Johor,2004,1,271.35
Johor,2005,1,125.925
Johor,2006,1,222.5
Johor,2007,1,625.45
Johor,2008,1,257.45
Johor,2009,1,119.9
Johor,2010,1,108.1
Johor,2011,1,443.55
Johor,2012,1,209.3
Johor,2013,1,327.85
Johor,2014,1,96.4
Johor,2015,1,157.25
Johor,2016,1,148.15
Johor,2017,1,230.025
Johor,2018,1,0.0
Johor,2019,1,0.0
Johor,2020,1,0.0
Pahang,1980,1,140.6875
Pahang,1981,1,50.46875
Pahang,1982,1,23.0625
Pahang,1983,1,81.275
Pahang,1984,1,421.1692308
Pahang,1985,1,98.55384615
Pahang,1986,1,182.1384615
Pahang,1987,1,272.4692308
Pahang,1988,1,144.0923077
Pahang,1989,1,287.5692308
Pahang,1990,1,129.4769231
Pahang,1991,1,172.8076923
Pahang,1992,1,141.9615385
Pahang,1993,1,140.2615385
Pahang,1994,1,186.5846154
Pahang,1995,1,453.6769231
Pahang,1996,1,227.3538462
Pahang,1997,1,9.4
Pahang,1998,1,211.4923077
Pahang,1999,1,264.7230769
Pahang,2000,1,252.9384615
Pahang,2001,1,235.2769231
Pahang,2002,1,72.92307692
Pahang,2003,1,384.1846154
Pahang,2004,1,218.4923077
Pahang,2005,1,89.58461538
Pahang,2006,1,177.7333333
Pahang,2007,1,358.9333333
Pahang,2008,1,190.2
Pahang,2009,1,246.0666667
Pahang,2010,1,138.8666667
Pahang,2011,1,372.3333333
Pahang,2012,1,377.0666667
Pahang,2013,1,168.4666667
Pahang,2014,1,99.63333333
Pahang,2015,1,154.1333333
Pahang,2016,1,87.0
Pahang,2017,1,492.2333333
Pahang,2018,1,0.0
Pahang,2019,1,0.0
Pahang,2020,1,0.0
Perak,1980,1,61.35
Perak,1981,1,139.25
Perak,1982,1,18.125
Perak,1983,1,77.125
Perak,1984,1,208.7444444
Perak,1985,1,120.6222222
Perak,1986,1,172.8333333
Perak,1987,1,146.5888889
Perak,1988,1,185.3
Perak,1989,1,198.0333333
Perak,1990,1,67.95555556
Perak,1991,1,213.9222222
Perak,1992,1,84.82222222
Perak,1993,1,135.8033333
Perak,1994,1,71.28
Perak,1995,1,195.8
Perak,1996,1,115.7
Perak,1997,1,45.3
Perak,1998,1,109.84
Perak,1999,1,223.55
Perak,2000,1,249.57
Perak,2001,1,224.2
Perak,2002,1,111.76
Perak,2003,1,136.72
Perak,2004,1,208.3
Perak,2005,1,63.2
Perak,2006,1,144.3
Perak,2007,1,171.52
Perak,2008,1,212.7
Perak,2009,1,221.44
Perak,2010,1,256.22
Perak,2011,1,251.0
Perak,2012,1,227.98
Perak,2013,1,200.34
Perak,2014,1,171.98
Perak,2015,1,113.4
Perak,2016,1,58.38
Perak,2017,1,293.52
Perak,2018,1,0.0
Perak,2019,1,0.0
Perak,2020,1,0.0
Other Pen. States,1980,1,80.20525247
Other Pen. States,1981,1,96.17141977
Other Pen. States,1982,1,40.03576624
Other Pen. States,1983,1,120.5364432
Other Pen. States,1984,1,136.5022398
Other Pen. States,1985,1,61.98484686
Other Pen. States,1986,1,90.29102853
Other Pen. States,1987,1,103.0660707
Other Pen. States,1988,1,143.6294164
Other Pen. States,1989,1,144.0666939
Other Pen. States,1990,1,131.6057663
Other Pen. States,1991,1,194.1414086
Other Pen. States,1992,1,83.9483231
Other Pen. States,1993,1,172.8962974
Other Pen. States,1994,1,107.8511432
Other Pen. States,1995,1,151.6352782
Other Pen. States,1996,1,136.239747
Other Pen. States,1997,1,62.71391442
Other Pen. States,1998,1,157.8494419
Other Pen. States,1999,1,171.9835727
Other Pen. States,2000,1,223.3226618
Other Pen. States,2001,1,305.1723768
Other Pen. States,2002,1,54.96814256
Other Pen. States,2003,1,173.9076849
Other Pen. States,2004,1,141.1871417
Other Pen. States,2005,1,48.44656665
Other Pen. States,2006,1,150.5108089
Other Pen. States,2007,1,227.6862353
Other Pen. States,2008,1,238.8488167
Other Pen. States,2009,1,183.5472655
Other Pen. States,2010,1,194.6075421
Other Pen. States,2011,1,254.8969739
Other Pen. States,2012,1,185.2107852
Other Pen. States,2013,1,215.7312464
Other Pen. States,2014,1,131.1676157
Other Pen. States,2015,1,155.4184841
Other Pen. States,2016,1,207.6751355
Other Pen. States,2017,1,335.5844969
Other Pen. States,2018,1,0.0
Other Pen. States,2019,1,0.0
Other Pen. States,2020,1,0.0
Peninsula,1980,1,152.1510761
Peninsula,1981,1,83.61800681
Peninsula,1982,1,58.86489843
Peninsula,1983,1,109.1343374
Peninsula,1984,1,346.2876024
Peninsula,1985,1,135.7164914
Peninsula,1986,1,182.9131154
Peninsula,1987,1,284.1699042
Peninsula,1988,1,157.1356893
Peninsula,1989,1,202.489425
Peninsula,1990,1,108.2014685
Peninsula,1991,1,186.1661949
Peninsula,1992,1,122.9015096
Peninsula,1993,1,188.1927412
Peninsula,1994,1,120.4455992
Peninsula,1995,1,307.0000645
Peninsula,1996,1,198.309099
Peninsula,1997,1,31.61669675
Peninsula,1998,1,173.3659406
Peninsula,1999,1,220.6271623
Peninsula,2000,1,256.1740984
Peninsula,2001,1,324.0813458
Peninsula,2002,1,106.9876658
Peninsula,2003,1,287.6504681
Peninsula,2004,1,214.4047747
Peninsula,2005,1,85.79962624
Peninsula,2006,1,178.2984632
Peninsula,2007,1,371.6510934
Peninsula,2008,1,225.9191521
Peninsula,2009,1,189.3294461
Peninsula,2010,1,165.6404657
Peninsula,2011,1,341.8045403
Peninsula,2012,1,253.2642979
Peninsula,2013,1,232.6505951
Peninsula,2014,1,120.0705569
Peninsula,2015,1,147.5910376
Peninsula,2016,1,128.5278146
Peninsula,2017,1,339.7594016
Peninsula,2018,1,0.0
Peninsula,2019,1,0.0
Peninsula,2020,1,0.0
Sabah,1980,1,506.8055556
Sabah,1981,1,628.8111111
Sabah,1982,1,305.74
Sabah,1983,1,117.275
Sabah,1984,1,499.295
Sabah,1985,1,176.57
Sabah,1986,1,509.85
Sabah,1987,1,89.66
Sabah,1988,1,191.46
Sabah,1989,1,301.295
Sabah,1990,1,196.32
Sabah,1991,1,201.385
Sabah,1992,1,136.975
Sabah,1993,1,215.09
Sabah,1994,1,265.82
Sabah,1995,1,104.175
Sabah,1996,1,573.88
Sabah,1997,1,289.7
Sabah,1998,1,51.1
Sabah,1999,1,428.41
Sabah,2000,1,325.03
Sabah,2001,1,334.39
Sabah,2002,1,114.165
Sabah,2003,1,299.22
Sabah,2004,1,123.22
Sabah,2005,1,119.01
Sabah,2006,1,402.18
Sabah,2007,1,659.98
Sabah,2008,1,199.13
Sabah,2009,1,615.31
Sabah,2010,1,235.32
Sabah,2011,1,684.1
Sabah,2012,1,542.94
Sabah,2013,1,349.655
Sabah,2014,1,405.44
Sabah,2015,1,394.73
Sabah,2016,1,107.14
Sabah,2017,1,481.43
Sabah,2018,1,0.0
Sabah,2019,1,0.0
Sabah,2020,1,0.0
Sarawak,1980,1,551.2875
Sarawak,1981,1,574.7125
Sarawak,1982,1,445.325
Sarawak,1983,1,424.3
Sarawak,1984,1,490.45
Sarawak,1985,1,289.78
Sarawak,1986,1,583.99
Sarawak,1987,1,338.45
Sarawak,1988,1,389.68
Sarawak,1989,1,393.78
Sarawak,1990,1,421.72
Sarawak,1991,1,323.5
Sarawak,1992,1,324.89
Sarawak,1993,1,291.26
Sarawak,1994,1,467.01
Sarawak,1995,1,286.92
Sarawak,1996,1,459.18
Sarawak,1997,1,256.62
Sarawak,1998,1,253.59
Sarawak,1999,1,417.7
Sarawak,2000,1,445.29
Sarawak,2001,1,553.86
Sarawak,2002,1,526.7
Sarawak,2003,1,563.54
Sarawak,2004,1,546.5
Sarawak,2005,1,375.7
Sarawak,2006,1,381.6
Sarawak,2007,1,565.84
Sarawak,2008,1,361.22
Sarawak,2009,1,930.48
Sarawak,2010,1,483.62
Sarawak,2011,1,580.7
Sarawak,2012,1,472.98
Sarawak,2013,1,241.46
Sarawak,2014,1,418.38
Sarawak,2015,1,543.61
Sarawak,2016,1,215.46
Sarawak,2017,1,332.5
Sarawak,2018,1,0.0
Sarawak,2019,1,0.0
Sarawak,2020,1,0.0
Johor,1980,2,91.36666667
Johor,1981,2,98.26666667
Johor,1982,2,72.43333333
Johor,1983,2,58.06666667
Johor,1984,2,280.1333333
Johor,1985,2,232.8666667
Johor,1986,2,26.36666667
Johor,1987,2,20.0
Johor,1988,2,176.5666667
Johor,1989,2,65.1
Johor,1990,2,142.8
Johor,1991,2,35.4
Johor,1992,2,110.2333333
Johor,1993,2,46.725
Johor,1994,2,168.3
Johor,1995,2,394.675
Johor,1996,2,197.375
Johor,1997,2,129.475
Johor,1998,2,59.05
Johor,1999,2,50.775
Johor,2000,2,127.95
Johor,2001,2,101.975
Johor,2002,2,58.65
Johor,2003,2,90.3
Johor,2004,2,28.125
Johor,2005,2,36.5
Johor,2006,2,129.75
Johor,2007,2,112.775
Johor,2008,2,175.9
Johor,2009,2,103.975
Johor,2010,2,66.35
Johor,2011,2,39.35
Johor,2012,2,157.75
Johor,2013,2,299.725
Johor,2014,2,26.15
Johor,2015,2,42.25
Johor,2016,2,138.75
Johor,2017,2,165.185
Johor,2018,2,0.0
Johor,2019,2,0.0
Johor,2020,2,0.0
Pahang,1980,2,96.3375
Pahang,1981,2,116.78125
Pahang,1982,2,34.49375
Pahang,1983,2,5.78125
Pahang,1984,2,409.7461538
Pahang,1985,2,164.0384615
Pahang,1986,2,17.79230769
Pahang,1987,2,6.507692308
Pahang,1988,2,134.5692308
Pahang,1989,2,17.78461538
Pahang,1990,2,115.9923077
Pahang,1991,2,88.57692308
Pahang,1992,2,64.72307692
Pahang,1993,2,55.80769231
Pahang,1994,2,199.2923077
Pahang,1995,2,181.0307692
Pahang,1996,2,144.3153846
Pahang,1997,2,236.4769231
Pahang,1998,2,10.24615385
Pahang,1999,2,117.4461538
Pahang,2000,2,292.2
Pahang,2001,2,72.73846154
Pahang,2002,2,31.32307692
Pahang,2003,2,65.01538462
Pahang,2004,2,16.06153846
Pahang,2005,2,49.89230769
Pahang,2006,2,329.1333333
Pahang,2007,2,48.6
Pahang,2008,2,218.4
Pahang,2009,2,49.4
Pahang,2010,2,28.66666667
Pahang,2011,2,36.6
Pahang,2012,2,129.9333333
Pahang,2013,2,347.7666667
Pahang,2014,2,9.866666667
Pahang,2015,2,64.66666667
Pahang,2016,2,141.2666667
Pahang,2017,2,316.0366667
Pahang,2018,2,0.0
Pahang,2019,2,0.0
Pahang,2020,2,0.0
Perak,1980,2,104.45
Perak,1981,2,143.575
Perak,1982,2,49.175
Perak,1983,2,34.05
Perak,1984,2,346.2666667
Perak,1985,2,123.9333333
Perak,1986,2,83.5
Perak,1987,2,42.58888889
Perak,1988,2,144.3444444
Perak,1989,2,109.9888889
Perak,1990,2,76.73333333
Perak,1991,2,126.2333333
Perak,1992,2,104.6222222
Perak,1993,2,129.31
Perak,1994,2,159.15
Perak,1995,2,104.89
Perak,1996,2,108.53
Perak,1997,2,114.48
Perak,1998,2,57.48
Perak,1999,2,151.78
Perak,2000,2,154.24
Perak,2001,2,102.36
Perak,2002,2,81.41
Perak,2003,2,183.01
Perak,2004,2,183.41
Perak,2005,2,43.4
Perak,2006,2,206.6
Perak,2007,2,96.46
Perak,2008,2,79.9
Perak,2009,2,108.42
Perak,2010,2,85.38
Perak,2011,2,123.54
Perak,2012,2,213.66
Perak,2013,2,195.1
Perak,2014,2,29.6
Perak,2015,2,87.28
Perak,2016,2,70.64
Perak,2017,2,230.612
Perak,2018,2,0.0
Perak,2019,2,0.0
Perak,2020,2,0.0
Other Pen. States,1980,2,129.0393914
Other Pen. States,1981,2,186.2485425
Other Pen. States,1982,2,181.1531019
Other Pen. States,1983,2,89.82010669
Other Pen. States,1984,2,295.5765438
Other Pen. States,1985,2,165.3435225
Other Pen. States,1986,2,38.63976204
Other Pen. States,1987,2,39.74512404
Other Pen. States,1988,2,162.6023587
Other Pen. States,1989,2,68.09916634
Other Pen. States,1990,2,68.79976144
Other Pen. States,1991,2,46.67901101
Other Pen. States,1992,2,157.8510209
Other Pen. States,1993,2,110.950088
Other Pen. States,1994,2,130.5173493
Other Pen. States,1995,2,98.18420488
Other Pen. States,1996,2,74.56428563
Other Pen. States,1997,2,179.5782294
Other Pen. States,1998,2,159.3744711
Other Pen. States,1999,2,239.6839065
Other Pen. States,2000,2,169.3048887
Other Pen. States,2001,2,156.345311
Other Pen. States,2002,2,51.6768017
Other Pen. States,2003,2,120.7642768
Other Pen. States,2004,2,92.10789089
Other Pen. States,2005,2,73.62982266
Other Pen. States,2006,2,275.4823138
Other Pen. States,2007,2,80.35629205
Other Pen. States,2008,2,171.2711727
Other Pen. States,2009,2,172.7977042
Other Pen. States,2010,2,153.0871216
Other Pen. States,2011,2,102.4912158
Other Pen. States,2012,2,244.9189342
Other Pen. States,2013,2,325.6792442
Other Pen. States,2014,2,9.843028911
Other Pen. States,2015,2,102.0371555
Other Pen. States,2016,2,98.79240005
Other Pen. States,2017,2,95.44966261
Other Pen. States,2018,2,0.0
Other Pen. States,2019,2,0.0
Other Pen. States,2020,2,0.0
Peninsula,1980,2,101.1714206
Peninsula,1981,2,126.6000503
Peninsula,1982,2,71.5207475
Peninsula,1983,2,42.0536767
Peninsula,1984,2,344.0437301
Peninsula,1985,2,174.2120448
Peninsula,1986,2,37.74714286
Peninsula,1987,2,24.11971861
Peninsula,1988,2,153.2533468
Peninsula,1989,2,59.29513903
Peninsula,1990,2,105.5941784
Peninsula,1991,2,73.95819695
Peninsula,1992,2,104.0377995
Peninsula,1993,2,77.95355833
Peninsula,1994,2,168.8781798
Peninsula,1995,2,218.2290832
Peninsula,1996,2,141.270113
Peninsula,1997,2,167.2195496
Peninsula,1998,2,68.25578014
Peninsula,1999,2,132.4533978
Peninsula,2000,2,188.4081082
Peninsula,2001,2,106.4247647
Peninsula,2002,2,53.81245129
Peninsula,2003,2,108.1789712
Peninsula,2004,2,69.51218158
Peninsula,2005,2,50.1317111
Peninsula,2006,2,233.8480266
Peninsula,2007,2,84.23644612
Peninsula,2008,2,168.188486
Peninsula,2009,2,106.3635579
Peninsula,2010,2,80.48453464
Peninsula,2011,2,69.84599861
Peninsula,2012,2,181.7366698
Peninsula,2013,2,299.2592356
Peninsula,2014,2,18.39682262
Peninsula,2015,2,71.40384418
Peninsula,2016,2,116.8374461
Peninsula,2017,2,202.4120319
Peninsula,2018,2,0.0
Peninsula,2019,2,0.0
Peninsula,2020,2,0.0
Sabah,1980,2,120.5833333
Sabah,1981,2,138.7611111
Sabah,1982,2,185.565
Sabah,1983,2,44.335
Sabah,1984,2,637.46
Sabah,1985,2,179.365
Sabah,1986,2,51.985
Sabah,1987,2,66.855
Sabah,1988,2,242.935
Sabah,1989,2,166.54
Sabah,1990,2,58.22
Sabah,1991,2,172.04
Sabah,1992,2,12.685
Sabah,1993,2,209.185
Sabah,1994,2,251.555
Sabah,1995,2,82.355
Sabah,1996,2,331.695
Sabah,1997,2,436.43
Sabah,1998,2,24.285
Sabah,1999,2,399.4
Sabah,2000,2,268.655
Sabah,2001,2,440.18
Sabah,2002,2,53.79
Sabah,2003,2,55.46
Sabah,2004,2,72.56
Sabah,2005,2,35.7
Sabah,2006,2,623.1
Sabah,2007,2,92.04
Sabah,2008,2,561.94
Sabah,2009,2,530.09
Sabah,2010,2,15.16
Sabah,2011,2,482.41
Sabah,2012,2,269.74
Sabah,2013,2,216.89
Sabah,2014,2,192.81
Sabah,2015,2,15.23
Sabah,2016,2,94.03
Sabah,2017,2,165.885
Sabah,2018,2,0.0
Sabah,2019,2,0.0
Sabah,2020,2,0.0
Sarawak,1980,2,179.725
Sarawak,1981,2,307.575
Sarawak,1982,2,245.975
Sarawak,1983,2,145.33
Sarawak,1984,2,430.03
Sarawak,1985,2,200.41
Sarawak,1986,2,248.06
Sarawak,1987,2,59.63
Sarawak,1988,2,257.39
Sarawak,1989,2,309.21
Sarawak,1990,2,164.69
Sarawak,1991,2,212.16
Sarawak,1992,2,143.95
Sarawak,1993,2,89.25
Sarawak,1994,2,264.08
Sarawak,1995,2,359.87
Sarawak,1996,2,451.73
Sarawak,1997,2,365.53
Sarawak,1998,2,101.78
Sarawak,1999,2,349.89
Sarawak,2000,2,371.59
Sarawak,2001,2,333.84
Sarawak,2002,2,297.26
Sarawak,2003,2,336.96
Sarawak,2004,2,197.16
Sarawak,2005,2,266.68
Sarawak,2006,2,292.84
Sarawak,2007,2,346.1
Sarawak,2008,2,389.44
Sarawak,2009,2,305.52
Sarawak,2010,2,180.48
Sarawak,2011,2,331.06
Sarawak,2012,2,276.44
Sarawak,2013,2,344.53
Sarawak,2014,2,48.78
Sarawak,2015,2,235.92
Sarawak,2016,2,406.16
Sarawak,2017,2,376.574
Sarawak,2018,2,0.0
Sarawak,2019,2,0.0
Sarawak,2020,2,0.0
Johor,1980,3,92.96666667
Johor,1981,3,97.63333333
Johor,1982,3,190.1666667
Johor,1983,3,62.23333333
Johor,1984,3,237.3
Johor,1985,3,291.8
Johor,1986,3,359.4333333
Johor,1987,3,165.9333333
Johor,1988,3,270.2666667
Johor,1989,3,210.5666667
Johor,1990,3,94.3
Johor,1991,3,188.9666667
Johor,1992,3,125.2666667
Johor,1993,3,203.6
Johor,1994,3,302.6
Johor,1995,3,114.375
Johor,1996,3,121.425
Johor,1997,3,121.275
Johor,1998,3,124.775
Johor,1999,3,281.75
Johor,2000,3,243.2
Johor,2001,3,173.25
Johor,2002,3,140.5
Johor,2003,3,129.125
Johor,2004,3,425.675
Johor,2005,3,123.25
Johor,2006,3,116.25
Johor,2007,3,151.6
Johor,2008,3,342.1
Johor,2009,3,274.1
Johor,2010,3,158.3
Johor,2011,3,251.325
Johor,2012,3,214.1
Johor,2013,3,154.25
Johor,2014,3,153.45
Johor,2015,3,138.25
Johor,2016,3,96.1
Johor,2017,3,190.185
Johor,2018,3,0.0
Johor,2019,3,0.0
Johor,2020,3,0.0
Pahang,1980,3,124.19375
Pahang,1981,3,43.41875
Pahang,1982,3,202.625
Pahang,1983,3,59.93125
Pahang,1984,3,180.9076923
Pahang,1985,3,516.0615385
Pahang,1986,3,203.3692308
Pahang,1987,3,180.7846154
Pahang,1988,3,306.9307692
Pahang,1989,3,243.2769231
Pahang,1990,3,47.03076923
Pahang,1991,3,162.9615385
Pahang,1992,3,93.35384615
Pahang,1993,3,279.6230769
Pahang,1994,3,270.5538462
Pahang,1995,3,139.0307692
Pahang,1996,3,91.93846154
Pahang,1997,3,122.0538462
Pahang,1998,3,64.31538462
Pahang,1999,3,218.7846154
Pahang,2000,3,261.7153846
Pahang,2001,3,204.3076923
Pahang,2002,3,85.1
Pahang,2003,3,154.8461538
Pahang,2004,3,171.6923077
Pahang,2005,3,76.92307692
Pahang,2006,3,97.26666667
Pahang,2007,3,108.2
Pahang,2008,3,327.0
Pahang,2009,3,294.0666667
Pahang,2010,3,151.2333333
Pahang,2011,3,427.4666667
Pahang,2012,3,256.4
Pahang,2013,3,29.93333333
Pahang,2014,3,68.93333333
Pahang,2015,3,30.13333333
Pahang,2016,3,28.93333333
Pahang,2017,3,89.80333333
Pahang,2018,3,0.0
Pahang,2019,3,0.0
Pahang,2020,3,0.0
Perak,1980,3,129.675
Perak,1981,3,95.6
Perak,1982,3,47.7
Perak,1983,3,109.875
Perak,1984,3,265.3222222
Perak,1985,3,237.5555556
Perak,1986,3,184.3444444
Perak,1987,3,128.2333333
Perak,1988,3,231.9444444
Perak,1989,3,186.7666667
Perak,1990,3,78.45555556
Perak,1991,3,147.2333333
Perak,1992,3,93.85555556
Perak,1993,3,173.73
Perak,1994,3,228.55
Perak,1995,3,205.53
Perak,1996,3,177.59
Perak,1997,3,106.26
Perak,1998,3,77.9
Perak,1999,3,212.48
Perak,2000,3,173.08
Perak,2001,3,123.65
Perak,2002,3,121.98
Perak,2003,3,127.66
Perak,2004,3,148.37
Perak,2005,3,95.7
Perak,2006,3,213.6
Perak,2007,3,140.8
Perak,2008,3,327.45
Perak,2009,3,285.9
Perak,2010,3,109.2
Perak,2011,3,284.54
Perak,2012,3,232.01
Perak,2013,3,156.94
Perak,2014,3,76.87
Perak,2015,3,99.03
Perak,2016,3,80.7
Perak,2017,3,218.084
Perak,2018,3,0.0
Perak,2019,3,0.0
Perak,2020,3,0.0
Other Pen. States,1980,3,254.7178191
Other Pen. States,1981,3,130.0768168
Other Pen. States,1982,3,291.9486878
Other Pen. States,1983,3,169.9753667
Other Pen. States,1984,3,181.0946352
Other Pen. States,1985,3,330.9046428
Other Pen. States,1986,3,109.0174498
Other Pen. States,1987,3,154.8636036
Other Pen. States,1988,3,183.9292594
Other Pen. States,1989,3,137.4834134
Other Pen. States,1990,3,198.6889145
Other Pen. States,1991,3,184.1707703
Other Pen. States,1992,3,833.4624423
Other Pen. States,1993,3,151.3398665
Other Pen. States,1994,3,348.7869498
Other Pen. States,1995,3,180.2657884
Other Pen. States,1996,3,244.739267
Other Pen. States,1997,3,161.5794252
Other Pen. States,1998,3,118.3944936
Other Pen. States,1999,3,234.1028839
Other Pen. States,2000,3,245.7729299
Other Pen. States,2001,3,178.124269
Other Pen. States,2002,3,127.2109465
Other Pen. States,2003,3,219.7046093
Other Pen. States,2004,3,130.0209211
Other Pen. States,2005,3,206.0623203
Other Pen. States,2006,3,142.6063202
Other Pen. States,2007,3,219.1541788
Other Pen. States,2008,3,312.008076
Other Pen. States,2009,3,355.7693359
Other Pen. States,2010,3,231.1605498
Other Pen. States,2011,3,479.9411804
Other Pen. States,2012,3,237.2975493
Other Pen. States,2013,3,158.6316505
Other Pen. States,2014,3,125.5506191
Other Pen. States,2015,3,201.8361541
Other Pen. States,2016,3,79.36362403
Other Pen. States,2017,3,187.4515894
Other Pen. States,2018,3,0.0
Other Pen. States,2019,3,0.0
Other Pen. States,2020,3,0.0
Peninsula,1980,3,133.2812612
Peninsula,1981,3,86.35032006
Peninsula,1982,3,174.4827863
Peninsula,1983,3,87.99788588
Peninsula,1984,3,216.3902975
Peninsula,1985,3,362.5916207
Peninsula,1986,3,221.9024483
Peninsula,1987,3,160.874295
Peninsula,1988,3,257.3239493
Peninsula,1989,3,201.9455351
Peninsula,1990,3,96.16048266
Peninsula,1991,3,170.8075413
Peninsula,1992,3,239.0842116
Peninsula,1993,3,210.7246689
Peninsula,1994,3,286.0617256
Peninsula,1995,3,152.3060328
Peninsula,1996,3,146.3014513
Peninsula,1997,3,125.6282129
Peninsula,1998,3,97.37236483
Peninsula,1999,3,239.8066622
Peninsula,2000,3,235.4132889
Peninsula,2001,3,173.4592074
Peninsula,2002,3,118.3951437
Peninsula,2003,3,156.9050011
Peninsula,2004,3,233.0422432
Peninsula,2005,3,124.0899685
Peninsula,2006,3,135.8370819
Peninsula,2007,3,152.9752289
Peninsula,2008,3,327.9029404
Peninsula,2009,3,301.5129199
Peninsula,2010,3,164.5368118
Peninsula,2011,3,361.2135999
Peninsula,2012,3,234.7494592
Peninsula,2013,3,121.580728
Peninsula,2014,3,108.8569149
Peninsula,2015,3,116.307824
Peninsula,2016,3,70.63644136
Peninsula,2017,3,167.2001913
Peninsula,2018,3,0.0
Peninsula,2019,3,0.0
Peninsula,2020,3,0.0
Sabah,1980,3,58.56666667
Sabah,1981,3,87.90555556
Sabah,1982,3,76.315
Sabah,1983,3,28.015
Sabah,1984,3,139.785
Sabah,1985,3,187.04
Sabah,1986,3,64.36
Sabah,1987,3,38.555
Sabah,1988,3,166.585
Sabah,1989,3,200.99
Sabah,1990,3,59.4
Sabah,1991,3,31.32
Sabah,1992,3,38.265
Sabah,1993,3,137.625
Sabah,1994,3,397.285
Sabah,1995,3,156.72
Sabah,1996,3,84.905
Sabah,1997,3,42.165
Sabah,1998,3,14.24
Sabah,1999,3,254.965
Sabah,2000,3,226.75
Sabah,2001,3,382.29
Sabah,2002,3,97.645
Sabah,2003,3,186.095
Sabah,2004,3,91.86
Sabah,2005,3,121.0
Sabah,2006,3,269.02
Sabah,2007,3,172.04
Sabah,2008,3,371.84
Sabah,2009,3,231.62
Sabah,2010,3,88.21
Sabah,2011,3,562.24
Sabah,2012,3,251.54
Sabah,2013,3,99.65
Sabah,2014,3,84.28
Sabah,2015,3,94.75
Sabah,2016,3,54.575
Sabah,2017,3,176.566
Sabah,2018,3,0.0
Sabah,2019,3,0.0
Sabah,2020,3,0.0
Sarawak,1980,3,155.1875
Sarawak,1981,3,249.925
Sarawak,1982,3,220.575
Sarawak,1983,3,122.59
Sarawak,1984,3,250.03
Sarawak,1985,3,387.83
Sarawak,1986,3,365.37
Sarawak,1987,3,163.26
Sarawak,1988,3,332.5
Sarawak,1989,3,212.606
Sarawak,1990,3,175.24
Sarawak,1991,3,150.61
Sarawak,1992,3,150.63
Sarawak,1993,3,343.27
Sarawak,1994,3,483.0
Sarawak,1995,3,330.82
Sarawak,1996,3,218.59
Sarawak,1997,3,186.96
Sarawak,1998,3,170.31
Sarawak,1999,3,324.54
Sarawak,2000,3,238.89
Sarawak,2001,3,314.46
Sarawak,2002,3,316.68
Sarawak,2003,3,327.66
Sarawak,2004,3,278.1
Sarawak,2005,3,318.0
Sarawak,2006,3,169.9
Sarawak,2007,3,187.68
Sarawak,2008,3,398.32
Sarawak,2009,3,293.36
Sarawak,2010,3,259.1
Sarawak,2011,3,366.76
Sarawak,2012,3,324.58
Sarawak,2013,3,202.54
Sarawak,2014,3,123.46
Sarawak,2015,3,138.07
Sarawak,2016,3,254.0
Sarawak,2017,3,252.562
Sarawak,2018,3,0.0
Sarawak,2019,3,0.0
Sarawak,2020,3,0.0
Johor,1980,4,258.3
Johor,1981,4,245.0
Johor,1982,4,231.7
Johor,1983,4,51.56666667
Johor,1984,4,204.1333333
Johor,1985,4,180.7666667
Johor,1986,4,240.9666667
Johor,1987,4,260.7
Johor,1988,4,185.3333333
Johor,1989,4,181.9666667
Johor,1990,4,140.3666667
Johor,1991,4,114.8666667
Johor,1992,4,189.9333333
Johor,1993,4,233.725
Johor,1994,4,148.525
Johor,1995,4,280.175
Johor,1996,4,233.55
Johor,1997,4,326.875
Johor,1998,4,124.025
Johor,1999,4,144.15
Johor,2000,4,209.625
Johor,2001,4,198.0
Johor,2002,4,193.775
Johor,2003,4,185.325
Johor,2004,4,144.125
Johor,2005,4,170.075
Johor,2006,4,219.25
Johor,2007,4,239.9
Johor,2008,4,212.6
Johor,2009,4,212.75
Johor,2010,4,247.575
Johor,2011,4,174.95
Johor,2012,4,186.95
Johor,2013,4,150.6
Johor,2014,4,248.1
Johor,2015,4,201.15
Johor,2016,4,114.55
Johor,2017,4,170.7
Johor,2018,4,0.0
Johor,2019,4,0.0
Johor,2020,4,0.0
Pahang,1980,4,71.31875
Pahang,1981,4,197.53125
Pahang,1982,4,234.3375
Pahang,1983,4,95.5375
Pahang,1984,4,176.3923077
Pahang,1985,4,128.5461538
Pahang,1986,4,311.0538462
Pahang,1987,4,181.2230769
Pahang,1988,4,157.0538462
Pahang,1989,4,218.7846154
Pahang,1990,4,201.8846154
Pahang,1991,4,79.4
Pahang,1992,4,90.59230769
Pahang,1993,4,238.6846154
Pahang,1994,4,245.7461538
Pahang,1995,4,274.3538462
Pahang,1996,4,251.6384615
Pahang,1997,4,270.8384615
Pahang,1998,4,11.41538462
Pahang,1999,4,224.1384615
Pahang,2000,4,216.3
Pahang,2001,4,191.5307692
Pahang,2002,4,189.0615385
Pahang,2003,4,172.4153846
Pahang,2004,4,145.4769231
Pahang,2005,4,141.0615385
Pahang,2006,4,163.2
Pahang,2007,4,141.6666667
Pahang,2008,4,195.4666667
Pahang,2009,4,148.6666667
Pahang,2010,4,163.4
Pahang,2011,4,128.4666667
Pahang,2012,4,293.7333333
Pahang,2013,4,181.6666667
Pahang,2014,4,136.7333333
Pahang,2015,4,128.6
Pahang,2016,4,41.60000002
Pahang,2017,4,144.4666667
Pahang,2018,4,0.0
Pahang,2019,4,0.0
Pahang,2020,4,0.0
Perak,1980,4,155.825
Perak,1981,4,194.2
Perak,1982,4,505.0
Perak,1983,4,94.675
Perak,1984,4,207.3666667
Perak,1985,4,98.5
Perak,1986,4,221.4
Perak,1987,4,190.8666667
Perak,1988,4,216.9111111
Perak,1989,4,244.7777778
Perak,1990,4,212.6
Perak,1991,4,187.5111111
Perak,1992,4,108.9444444
Perak,1993,4,176.74
Perak,1994,4,156.48
Perak,1995,4,218.08
Perak,1996,4,296.39
Perak,1997,4,210.92
Perak,1998,4,99.72
Perak,1999,4,134.25
Perak,2000,4,263.19
Perak,2001,4,256.88
Perak,2002,4,252.63
Perak,2003,4,164.08
Perak,2004,4,198.07
Perak,2005,4,188.27
Perak,2006,4,230.6
Perak,2007,4,165.53
Perak,2008,4,138.98
Perak,2009,4,195.78
Perak,2010,4,183.86
Perak,2011,4,163.14
Perak,2012,4,153.88
Perak,2013,4,174.7
Perak,2014,4,174.36
Perak,2015,4,260.37
Perak,2016,4,70.92
Perak,2017,4,223.22
Perak,2018,4,0.0
Perak,2019,4,0.0
Perak,2020,4,0.0
Other Pen. States,1980,4,226.4795879
Other Pen. States,1981,4,392.4708555
Other Pen. States,1982,4,470.7987756
Other Pen. States,1983,4,102.0576932
Other Pen. States,1984,4,186.0236347
Other Pen. States,1985,4,133.1740523
Other Pen. States,1986,4,214.3411995
Other Pen. States,1987,4,193.2188388
Other Pen. States,1988,4,244.9720499
Other Pen. States,1989,4,145.8575696
Other Pen. States,1990,4,222.1549882
Other Pen. States,1991,4,225.4636178
Other Pen. States,1992,4,124.2225357
Other Pen. States,1993,4,133.2203536
Other Pen. States,1994,4,135.2649922
Other Pen. States,1995,4,199.4842595
Other Pen. States,1996,4,195.0569768
Other Pen. States,1997,4,207.7193088
Other Pen. States,1998,4,99.76368972
Other Pen. States,1999,4,133.2273327
Other Pen. States,2000,4,172.5025952
Other Pen. States,2001,4,213.5183612
Other Pen. States,2002,4,272.0390848
Other Pen. States,2003,4,292.4748329
Other Pen. States,2004,4,165.142505
Other Pen. States,2005,4,227.6676745
Other Pen. States,2006,4,222.0339697
Other Pen. States,2007,4,352.8855595
Other Pen. States,2008,4,285.9538462
Other Pen. States,2009,4,263.3684033
Other Pen. States,2010,4,280.0373061
Other Pen. States,2011,4,220.7963512
Other Pen. States,2012,4,215.8668849
Other Pen. States,2013,4,260.0601982
Other Pen. States,2014,4,212.5805154
Other Pen. States,2015,4,295.8266321
Other Pen. States,2016,4,145.8629452
Other Pen. States,2017,4,159.382398
Other Pen. States,2018,4,0.0
Other Pen. States,2019,4,0.0
Other Pen. States,2020,4,0.0
Peninsula,1980,4,176.6281754
Peninsula,1981,4,240.3587351
Peninsula,1982,4,330.5588388
Peninsula,1983,4,81.31630297
Peninsula,1984,4,192.6075894
Peninsula,1985,4,137.0672545
Peninsula,1986,4,254.824822
Peninsula,1987,4,206.5897435
Peninsula,1988,4,194.3490913
Peninsula,1989,4,199.9108162
Peninsula,1990,4,191.8760456
Peninsula,1991,4,140.105351
Peninsula,1992,4,132.372219
Peninsula,1993,4,205.4595697
Peninsula,1994,4,176.7426672
Peninsula,1995,4,251.1933976
Peninsula,1996,4,244.9984787
Peninsula,1997,4,264.9495085
Peninsula,1998,4,82.3048719
Peninsula,1999,4,162.0445272
Peninsula,2000,4,213.2783314
Peninsula,2001,4,211.1483807
Peninsula,2002,4,221.8752397
Peninsula,2003,4,202.3215163
Peninsula,2004,4,159.7707448
Peninsula,2005,4,178.7710139
Peninsula,2006,4,206.4406439
Peninsula,2007,4,224.1630697
Peninsula,2008,4,211.5086743
Peninsula,2009,4,204.0540895
Peninsula,2010,4,220.0626025
Peninsula,2011,4,170.9358605
Peninsula,2012,4,217.0165377
Peninsula,2013,4,190.1063085
Peninsula,2014,4,194.8189986
Peninsula,2015,4,215.2557381
Peninsula,2016,4,93.6812846
Peninsula,2017,4,170.7626944
Peninsula,2018,4,0.0
Peninsula,2019,4,0.0
Peninsula,2020,4,0.0
Sabah,1980,4,114.4111111
Sabah,1981,4,99.60555556
Sabah,1982,4,124.715
Sabah,1983,4,29.53
Sabah,1984,4,169.55
Sabah,1985,4,265.79
Sabah,1986,4,35.955
Sabah,1987,4,34.155
Sabah,1988,4,58.275
Sabah,1989,4,98.46
Sabah,1990,4,58.85
Sabah,1991,4,157.475
Sabah,1992,4,15.84
Sabah,1993,4,123.07
Sabah,1994,4,108.305
Sabah,1995,4,128.38
Sabah,1996,4,173.635
Sabah,1997,4,102.43
Sabah,1998,4,25.585
Sabah,1999,4,164.11
Sabah,2000,4,131.345
Sabah,2001,4,142.09
Sabah,2002,4,92.025
Sabah,2003,4,81.44
Sabah,2004,4,89.365
Sabah,2005,4,56.47
Sabah,2006,4,177.38
Sabah,2007,4,107.86
Sabah,2008,4,209.02
Sabah,2009,4,219.5
Sabah,2010,4,126.03
Sabah,2011,4,357.09
Sabah,2012,4,191.32
Sabah,2013,4,115.61
Sabah,2014,4,64.72
Sabah,2015,4,87.51
Sabah,2016,4,85.06000002
Sabah,2017,4,271.22
Sabah,2018,4,0.0
Sabah,2019,4,0.0
Sabah,2020,4,0.0
Sarawak,1980,4,308.3
Sarawak,1981,4,265.625
Sarawak,1982,4,211.125
Sarawak,1983,4,208.36
Sarawak,1984,4,273.95
Sarawak,1985,4,264.98
Sarawak,1986,4,233.68
Sarawak,1987,4,166.54
Sarawak,1988,4,285.56
Sarawak,1989,4,222.38
Sarawak,1990,4,242.86
Sarawak,1991,4,339.03
Sarawak,1992,4,188.07
Sarawak,1993,4,148.74
Sarawak,1994,4,235.55
Sarawak,1995,4,240.68
Sarawak,1996,4,212.92
Sarawak,1997,4,250.45
Sarawak,1998,4,261.26
Sarawak,1999,4,170.15
Sarawak,2000,4,339.18
Sarawak,2001,4,293.98
Sarawak,2002,4,248.52
Sarawak,2003,4,293.16
Sarawak,2004,4,218.76
Sarawak,2005,4,207.1
Sarawak,2006,4,309.06
Sarawak,2007,4,261.0
Sarawak,2008,4,248.28
Sarawak,2009,4,355.44
Sarawak,2010,4,270.16
Sarawak,2011,4,205.36
Sarawak,2012,4,221.38
Sarawak,2013,4,230.12
Sarawak,2014,4,221.38
Sarawak,2015,4,217.65
Sarawak,2016,4,296.36
Sarawak,2017,4,213.82
Sarawak,2018,4,0.0
Sarawak,2019,4,0.0
Sarawak,2020,4,0.0
Johor,1980,5,191.0333333
Johor,1981,5,167.4333333
Johor,1982,5,193.0333333
Johor,1983,5,178.8
Johor,1984,5,287.6666667
Johor,1985,5,205.5433333
Johor,1986,5,138.2666667
Johor,1987,5,165.8666667
Johor,1988,5,168.5666667
Johor,1989,5,213.3
Johor,1990,5,99.26666667
Johor,1991,5,228.8666667
Johor,1992,5,231.7583333
Johor,1993,5,193.0
Johor,1994,5,232.3
Johor,1995,5,206.075
Johor,1996,5,206.325
Johor,1997,5,89.7
Johor,1998,5,225.725
Johor,1999,5,159.6
Johor,2000,5,107.1
Johor,2001,5,150.025
Johor,2002,5,217.625
Johor,2003,5,112.425
Johor,2004,5,89.225
Johor,2005,5,210.2
Johor,2006,5,156.5
Johor,2007,5,204.35
Johor,2008,5,115.325
Johor,2009,5,172.95
Johor,2010,5,191.65
Johor,2011,5,170.9
Johor,2012,5,163.25
Johor,2013,5,183.425
Johor,2014,5,263.65
Johor,2015,5,192.9
Johor,2016,5,168.3
Johor,2017,5,240.7
Johor,2018,5,0.0
Johor,2019,5,0.0
Johor,2020,5,0.0
Pahang,1980,5,200.70625
Pahang,1981,5,308.5125
Pahang,1982,5,181.24375
Pahang,1983,5,118.69375
Pahang,1984,5,129.0846154
Pahang,1985,5,153.2538462
Pahang,1986,5,112.3230769
Pahang,1987,5,185.9923077
Pahang,1988,5,223.3230769
Pahang,1989,5,182.0846154
Pahang,1990,5,113.5615385
Pahang,1991,5,196.7923077
Pahang,1992,5,218.8384615
Pahang,1993,5,146.1153846
Pahang,1994,5,259.5538462
Pahang,1995,5,126.6769231
Pahang,1996,5,111.4692308
Pahang,1997,5,84.14615385
Pahang,1998,5,140.2461538
Pahang,1999,5,164.7846154
Pahang,2000,5,147.1692308
Pahang,2001,5,102.5692308
Pahang,2002,5,151.5076923
Pahang,2003,5,82.87692308
Pahang,2004,5,149.3076923
Pahang,2005,5,113.2307692
Pahang,2006,5,215.1333333
Pahang,2007,5,266.9333333
Pahang,2008,5,98.13333333
Pahang,2009,5,207.5333333
Pahang,2010,5,166.5333333
Pahang,2011,5,175.8666667
Pahang,2012,5,228.3333333
Pahang,2013,5,291.9333333
Pahang,2014,5,146.0666667
Pahang,2015,5,146.9333333
Pahang,2016,5,150.9666667
Pahang,2017,5,225.4
Pahang,2018,5,0.0
Pahang,2019,5,0.0
Pahang,2020,5,0.0
Perak,1980,5,245.45
Perak,1981,5,144.65
Perak,1982,5,191.875
Perak,1983,5,112.625
Perak,1984,5,172.4
Perak,1985,5,239.8444444
Perak,1986,5,150.7
Perak,1987,5,108.6222222
Perak,1988,5,113.2333333
Perak,1989,5,129.1444444
Perak,1990,5,211.0777778
Perak,1991,5,273.4888889
Perak,1992,5,167.5555556
Perak,1993,5,183.21
Perak,1994,5,175.42
Perak,1995,5,233.06
Perak,1996,5,115.15
Perak,1997,5,61.46
Perak,1998,5,217.63
Perak,1999,5,208.18
Perak,2000,5,105.01
Perak,2001,5,87.73
Perak,2002,5,180.91
Perak,2003,5,140.24
Perak,2004,5,138.8
Perak,2005,5,152.55
Perak,2006,5,242.0
Perak,2007,5,56.88
Perak,2008,5,101.28
Perak,2009,5,137.62
Perak,2010,5,236.46
Perak,2011,5,160.76
Perak,2012,5,124.28
Perak,2013,5,172.42
Perak,2014,5,197.5
Perak,2015,5,162.32
Perak,2016,5,239.39
Perak,2017,5,129.33
Perak,2018,5,0.0
Perak,2019,5,0.0
Perak,2020,5,0.0
Other Pen. States,1980,5,206.8586911
Other Pen. States,1981,5,289.4573873
Other Pen. States,1982,5,225.6220876
Other Pen. States,1983,5,344.8083936
Other Pen. States,1984,5,169.9769617
Other Pen. States,1985,5,209.2945353
Other Pen. States,1986,5,181.3065294
Other Pen. States,1987,5,163.6295188
Other Pen. States,1988,5,172.3628862
Other Pen. States,1989,5,72.48770465
Other Pen. States,1990,5,160.9484976
Other Pen. States,1991,5,265.3164885
Other Pen. States,1992,5,233.1211971
Other Pen. States,1993,5,211.5798129
Other Pen. States,1994,5,232.0925688
Other Pen. States,1995,5,135.8686612
Other Pen. States,1996,5,169.8737893
Other Pen. States,1997,5,134.9957324
Other Pen. States,1998,5,182.70531
Other Pen. States,1999,5,200.4615936
Other Pen. States,2000,5,92.37352063
Other Pen. States,2001,5,131.0357853
Other Pen. States,2002,5,102.3912092
Other Pen. States,2003,5,106.9988568
Other Pen. States,2004,5,135.1757343
Other Pen. States,2005,5,180.5093703
Other Pen. States,2006,5,211.5485009
Other Pen. States,2007,5,107.0605766
Other Pen. States,2008,5,138.2669959
Other Pen. States,2009,5,149.7328939
Other Pen. States,2010,5,264.2887293
Other Pen. States,2011,5,174.4014589
Other Pen. States,2012,5,211.2967831
Other Pen. States,2013,5,190.0119184
Other Pen. States,2014,5,257.9193938
Other Pen. States,2015,5,170.5823378
Other Pen. States,2016,5,283.693747
Other Pen. States,2017,5,237.8554003
Other Pen. States,2018,5,0.0
Other Pen. States,2019,5,0.0
Other Pen. States,2020,5,0.0
Peninsula,1980,5,208.830685
Peninsula,1981,5,219.2889906
Peninsula,1982,5,194.0112384
Peninsula,1983,5,169.5650188
Peninsula,1984,5,189.8042693
Peninsula,1985,5,196.0601877
Peninsula,1986,5,140.8075578
Peninsula,1987,5,160.281158
Peninsula,1988,5,176.0322574
Peninsula,1989,5,157.6176968
Peninsula,1990,5,139.3109758
Peninsula,1991,5,234.7029456
Peninsula,1992,5,215.9168895
Peninsula,1993,5,180.3465593
Peninsula,1994,5,228.6535444
Peninsula,1995,5,175.4229349
Peninsula,1996,5,152.7557657
Peninsula,1997,5,90.33482576
Peninsula,1998,5,190.3843324
Peninsula,1999,5,179.8541743
Peninsula,2000,5,114.4846032
Peninsula,2001,5,120.3655429
Peninsula,2002,5,165.5090581
Peninsula,2003,5,108.3008603
Peninsula,2004,5,126.1673945
Peninsula,2005,5,165.1509554
Peninsula,2006,5,202.076448
Peninsula,2007,5,170.8942209
Peninsula,2008,5,113.4368252
Peninsula,2009,5,170.1487181
Peninsula,2010,5,210.7655287
Peninsula,2011,5,171.1778149
Peninsula,2012,5,185.3135986
Peninsula,2013,5,212.7964643
Peninsula,2014,5,217.2764985
Peninsula,2015,5,169.0371647
Peninsula,2016,5,204.8637617
Peninsula,2017,5,214.5696721
Peninsula,2018,5,0.0
Peninsula,2019,5,0.0
Peninsula,2020,5,0.0
Sabah,1980,5,166.7444444
Sabah,1981,5,72.67777778
Sabah,1982,5,214.135
Sabah,1983,5,87.405
Sabah,1984,5,164.1
Sabah,1985,5,132.675
Sabah,1986,5,68.2
Sabah,1987,5,107.03
Sabah,1988,5,156.88
Sabah,1989,5,128.34
Sabah,1990,5,192.74
Sabah,1991,5,161.75
Sabah,1992,5,89.165
Sabah,1993,5,142.645
Sabah,1994,5,203.745
Sabah,1995,5,104.305
Sabah,1996,5,117.765
Sabah,1997,5,111.16
Sabah,1998,5,97.625
Sabah,1999,5,204.19
Sabah,2000,5,121.945
Sabah,2001,5,92.95
Sabah,2002,5,94.73
Sabah,2003,5,202.12
Sabah,2004,5,239.1
Sabah,2005,5,158.06
Sabah,2006,5,237.415
Sabah,2007,5,143.75
Sabah,2008,5,188.07
Sabah,2009,5,168.97
Sabah,2010,5,155.45
Sabah,2011,5,255.47
Sabah,2012,5,195.04
Sabah,2013,5,102.42
Sabah,2014,5,143.04
Sabah,2015,5,100.88
Sabah,2016,5,163.82
Sabah,2017,5,149.45
Sabah,2018,5,0.0
Sabah,2019,5,0.0
Sabah,2020,5,0.0
Sarawak,1980,5,218.8875
Sarawak,1981,5,239.9625
Sarawak,1982,5,228.9375
Sarawak,1983,5,264.23
Sarawak,1984,5,286.06
Sarawak,1985,5,195.05
Sarawak,1986,5,157.04
Sarawak,1987,5,247.97
Sarawak,1988,5,215.01
Sarawak,1989,5,222.51
Sarawak,1990,5,202.78
Sarawak,1991,5,230.9
Sarawak,1992,5,294.23
Sarawak,1993,5,266.55
Sarawak,1994,5,278.76
Sarawak,1995,5,253.77
Sarawak,1996,5,187.41
Sarawak,1997,5,203.56
Sarawak,1998,5,196.42
Sarawak,1999,5,218.32
Sarawak,2000,5,229.75
Sarawak,2001,5,99.39
Sarawak,2002,5,165.4
Sarawak,2003,5,195.6
Sarawak,2004,5,349.02
Sarawak,2005,5,217.1
Sarawak,2006,5,324.74
Sarawak,2007,5,200.2
Sarawak,2008,5,217.5
Sarawak,2009,5,180.46
Sarawak,2010,5,335.72
Sarawak,2011,5,226.32
Sarawak,2012,5,144.1
Sarawak,2013,5,224.96
Sarawak,2014,5,243.84
Sarawak,2015,5,217.88
Sarawak,2016,5,241.12
Sarawak,2017,5,307.62
Sarawak,2018,5,0.0
Sarawak,2019,5,0.0
Sarawak,2020,5,0.0
Johor,1980,6,106.4333333
Johor,1981,6,106.6333333
Johor,1982,6,196.6333333
Johor,1983,6,181.7666667
Johor,1984,6,142.1666667
Johor,1985,6,39.66666667
Johor,1986,6,142.0
Johor,1987,6,138.7
Johor,1988,6,143.6333333
Johor,1989,6,131.2333333
Johor,1990,6,99.06666667
Johor,1991,6,139.2
Johor,1992,6,132.4666667
Johor,1993,6,133.65
Johor,1994,6,159.35
Johor,1995,6,214.4
Johor,1996,6,150.775
Johor,1997,6,144.675
Johor,1998,6,135.875
Johor,1999,6,101.925
Johor,2000,6,156.175
Johor,2001,6,139.25
Johor,2002,6,94.6
Johor,2003,6,154.3
Johor,2004,6,90.6
Johor,2005,6,148.725
Johor,2006,6,239.75
Johor,2007,6,196.475
Johor,2008,6,204.4
Johor,2009,6,84.4
Johor,2010,6,175.875
Johor,2011,6,160.55
Johor,2012,6,69.95
Johor,2013,6,45.45
Johor,2014,6,139.9
Johor,2015,6,143.25
Johor,2016,6,107.4
Johor,2017,6,122.95
Johor,2018,6,0.0
Johor,2019,6,0.0
Johor,2020,6,0.0
Pahang,1980,6,167.2125
Pahang,1981,6,106.7125
Pahang,1982,6,80.85625
Pahang,1983,6,93.40625
Pahang,1984,6,128.7153846
Pahang,1985,6,66.31538462
Pahang,1986,6,125.7230769
Pahang,1987,6,122.4461538
Pahang,1988,6,175.4615385
Pahang,1989,6,131.8076923
Pahang,1990,6,118.5769231
Pahang,1991,6,68.69230769
Pahang,1992,6,64.8
Pahang,1993,6,118.4538462
Pahang,1994,6,182.9923077
Pahang,1995,6,225.7076923
Pahang,1996,6,211.9769231
Pahang,1997,6,83.10769231
Pahang,1998,6,92.58461538
Pahang,1999,6,143.0923077
Pahang,2000,6,178.6307692
Pahang,2001,6,48.65384615
Pahang,2002,6,122.1076923
Pahang,2003,6,241.8153846
Pahang,2004,6,112.5538462
Pahang,2005,6,83.86153846
Pahang,2006,6,131.0
Pahang,2007,6,193.4666667
Pahang,2008,6,104.2666667
Pahang,2009,6,133.2
Pahang,2010,6,167.7333333
Pahang,2011,6,125.6
Pahang,2012,6,83.0
Pahang,2013,6,99.46666667
Pahang,2014,6,104.8666667
Pahang,2015,6,110.8666667
Pahang,2016,6,105.7333333
Pahang,2017,6,118.6
Pahang,2018,6,0.0
Pahang,2019,6,0.0
Pahang,2020,6,0.0
Perak,1980,6,116.275
Perak,1981,6,26.6
Perak,1982,6,67.75
Perak,1983,6,96.975
Perak,1984,6,92.33333333
Perak,1985,6,19.26666667
Perak,1986,6,71.92222222
Perak,1987,6,78.48888889
Perak,1988,6,249.2333333
Perak,1989,6,90.11111111
Perak,1990,6,114.5555556
Perak,1991,6,128.9222222
Perak,1992,6,106.0666667
Perak,1993,6,75.48
Perak,1994,6,82.82
Perak,1995,6,206.74
Perak,1996,6,119.39
Perak,1997,6,86.97
Perak,1998,6,85.43
Perak,1999,6,103.33
Perak,2000,6,119.36
Perak,2001,6,68.78
Perak,2002,6,91.27
Perak,2003,6,184.8
Perak,2004,6,54.89
Perak,2005,6,104.36
Perak,2006,6,124.0
Perak,2007,6,154.24
Perak,2008,6,182.72
Perak,2009,6,102.94
Perak,2010,6,160.36
Perak,2011,6,101.72
Perak,2012,6,27.42
Perak,2013,6,98.46
Perak,2014,6,54.46
Perak,2015,6,171.76
Perak,2016,6,104.3
Perak,2017,6,105.82
Perak,2018,6,0.0
Perak,2019,6,0.0
Perak,2020,6,0.0
Other Pen. States,1980,6,139.0487354
Other Pen. States,1981,6,39.47335261
Other Pen. States,1982,6,175.5578059
Other Pen. States,1983,6,132.5601416
Other Pen. States,1984,6,119.4729014
Other Pen. States,1985,6,45.37311203
Other Pen. States,1986,6,117.217868
Other Pen. States,1987,6,161.8116378
Other Pen. States,1988,6,164.3088056
Other Pen. States,1989,6,104.414633
Other Pen. States,1990,6,72.50492055
Other Pen. States,1991,6,108.2674512
Other Pen. States,1992,6,142.2582936
Other Pen. States,1993,6,151.4336839
Other Pen. States,1994,6,225.5687538
Other Pen. States,1995,6,167.8281479
Other Pen. States,1996,6,144.7927474
Other Pen. States,1997,6,104.4242842
Other Pen. States,1998,6,154.3596809
Other Pen. States,1999,6,83.85863643
Other Pen. States,2000,6,168.7802246
Other Pen. States,2001,6,119.6246355
Other Pen. States,2002,6,128.8755076
Other Pen. States,2003,6,151.5014232
Other Pen. States,2004,6,122.9917001
Other Pen. States,2005,6,159.9027274
Other Pen. States,2006,6,165.1019402
Other Pen. States,2007,6,181.0945386
Other Pen. States,2008,6,206.3780771
Other Pen. States,2009,6,122.3980594
Other Pen. States,2010,6,186.7145206
Other Pen. States,2011,6,146.8438115
Other Pen. States,2012,6,76.75673746
Other Pen. States,2013,6,94.21600793
Other Pen. States,2014,6,74.63062783
Other Pen. States,2015,6,150.5522389
Other Pen. States,2016,6,204.2950598
Other Pen. States,2017,6,167.5234012
Other Pen. States,2018,6,0.0
Other Pen. States,2019,6,0.0
Other Pen. States,2020,6,0.0
Peninsula,1980,6,130.5917371
Peninsula,1981,6,78.32795956
Peninsula,1982,6,130.4517401
Peninsula,1983,6,129.7848215
Peninsula,1984,6,123.2701494
Peninsula,1985,6,45.41340527
Peninsula,1986,6,117.2416091
Peninsula,1987,6,125.5096752
Peninsula,1988,6,180.0413144
Peninsula,1989,6,117.6129211
Peninsula,1990,6,103.430257
Peninsula,1991,6,107.6022675
Peninsula,1992,6,108.6807647
Peninsula,1993,6,120.3175163
Peninsula,1994,6,162.4709507
Peninsula,1995,6,207.849639
Peninsula,1996,6,161.4597447
Peninsula,1997,6,107.2382021
Peninsula,1998,6,118.3076335
Peninsula,1999,6,109.521308
Peninsula,2000,6,158.2359351
Peninsula,2001,6,95.8234626
Peninsula,2002,6,109.5368521
Peninsula,2003,6,183.9740714
Peninsula,2004,6,97.29630228
Peninsula,2005,6,124.6263793
Peninsula,2006,6,169.8220482
Peninsula,2007,6,183.9290776
Peninsula,2008,6,173.1662086
Peninsula,2009,6,110.5233714
Peninsula,2010,6,173.2849202
Peninsula,2011,6,136.4090453
Peninsula,2012,6,67.07495773
Peninsula,2013,6,82.17419121
Peninsula,2014,6,98.24765458
Peninsula,2015,6,141.5249838
Peninsula,2016,6,129.6805635
Peninsula,2017,6,129.2187694
Peninsula,2018,6,0.0
Peninsula,2019,6,0.0
Peninsula,2020,6,0.0
Sabah,1980,6,216.7111111
Sabah,1981,6,220.0222222
Sabah,1982,6,132.46
Sabah,1983,6,237.125
Sabah,1984,6,221.725
Sabah,1985,6,109.05
Sabah,1986,6,173.71
Sabah,1987,6,189.22
Sabah,1988,6,232.045
Sabah,1989,6,236.51
Sabah,1990,6,232.855
Sabah,1991,6,217.73
Sabah,1992,6,118.465
Sabah,1993,6,86.96
Sabah,1994,6,288.905
Sabah,1995,6,177.42
Sabah,1996,6,177.795
Sabah,1997,6,65.815
Sabah,1998,6,153.345
Sabah,1999,6,205.06
Sabah,2000,6,230.22
Sabah,2001,6,115.355
Sabah,2002,6,203.76
Sabah,2003,6,226.27
Sabah,2004,6,147.565
Sabah,2005,6,163.6
Sabah,2006,6,242.03
Sabah,2007,6,193.2
Sabah,2008,6,188.67
Sabah,2009,6,141.34
Sabah,2010,6,190.783
Sabah,2011,6,213.22
Sabah,2012,6,117.49
Sabah,2013,6,175.61
Sabah,2014,6,150.33
Sabah,2015,6,116.31
Sabah,2016,6,219.34
Sabah,2017,6,294.075
Sabah,2018,6,0.0
Sabah,2019,6,0.0
Sabah,2020,6,0.0
Sarawak,1980,6,268.1625
Sarawak,1981,6,148.425
Sarawak,1982,6,124.7625
Sarawak,1983,6,263.55
Sarawak,1984,6,194.43
Sarawak,1985,6,127.62
Sarawak,1986,6,243.76
Sarawak,1987,6,230.63
Sarawak,1988,6,143.17
Sarawak,1989,6,155.75
Sarawak,1990,6,130.24
Sarawak,1991,6,252.09
Sarawak,1992,6,244.23
Sarawak,1993,6,153.56
Sarawak,1994,6,280.59
Sarawak,1995,6,210.17
Sarawak,1996,6,269.06
Sarawak,1997,6,176.34
Sarawak,1998,6,289.28
Sarawak,1999,6,218.02
Sarawak,2000,6,262.07
Sarawak,2001,6,165.35
Sarawak,2002,6,211.41
Sarawak,2003,6,207.22
Sarawak,2004,6,138.76
Sarawak,2005,6,273.96
Sarawak,2006,6,202.4
Sarawak,2007,6,391.26
Sarawak,2008,6,241.78
Sarawak,2009,6,183.34
Sarawak,2010,6,241.24
Sarawak,2011,6,284.06
Sarawak,2012,6,152.86
Sarawak,2013,6,141.42
Sarawak,2014,6,134.56
Sarawak,2015,6,207.02
Sarawak,2016,6,225.68
Sarawak,2017,6,211.92
Sarawak,2018,6,0.0
Sarawak,2019,6,0.0
Sarawak,2020,6,0.0
Johor,1980,7,140.7
Johor,1981,7,134.6
Johor,1982,7,158.6666667
Johor,1983,7,170.0666667
Johor,1984,7,142.2
Johor,1985,7,153.7333333
Johor,1986,7,103.5
Johor,1987,7,196.5666667
Johor,1988,7,168.7666667
Johor,1989,7,147.9
Johor,1990,7,210.0666667
Johor,1991,7,115.3666667
Johor,1992,7,197.4083333
Johor,1993,7,192.65
Johor,1994,7,89.025
Johor,1995,7,206.55
Johor,1996,7,139.025
Johor,1997,7,94.6
Johor,1998,7,168.925
Johor,1999,7,148.975
Johor,2000,7,165.325
Johor,2001,7,118.55
Johor,2002,7,182.625
Johor,2003,7,164.325
Johor,2004,7,230.025
Johor,2005,7,169.975
Johor,2006,7,170.75
Johor,2007,7,189.45
Johor,2008,7,229.35
Johor,2009,7,143.4
Johor,2010,7,176.7
Johor,2011,7,119.1
Johor,2012,7,160.75
Johor,2013,7,85.7
Johor,2014,7,152.8
Johor,2015,7,155.55
Johor,2016,7,74.15
Johor,2017,7,107.55
Johor,2018,7,0.0
Johor,2019,7,0.0
Johor,2020,7,0.0
Pahang,1980,7,192.5625
Pahang,1981,7,105.9875
Pahang,1982,7,97.98125
Pahang,1983,7,138.8875
Pahang,1984,7,234.4615385
Pahang,1985,7,107.0153846
Pahang,1986,7,67.39230769
Pahang,1987,7,136.6769231
Pahang,1988,7,70.66153846
Pahang,1989,7,168.8230769
Pahang,1990,7,157.1
Pahang,1991,7,136.6923077
Pahang,1992,7,136.9384615
Pahang,1993,7,132.0153846
Pahang,1994,7,23.26923077
Pahang,1995,7,53.80769231
Pahang,1996,7,129.5
Pahang,1997,7,88.36923077
Pahang,1998,7,225.3538462
Pahang,1999,7,133.5
Pahang,2000,7,89.66153846
Pahang,2001,7,85.48461538
Pahang,2002,7,110.3846154
Pahang,2003,7,181.1846154
Pahang,2004,7,116.6615385
Pahang,2005,7,120.6769231
Pahang,2006,7,105.2666667
Pahang,2007,7,178.7333333
Pahang,2008,7,168.9
Pahang,2009,7,76.93333333
Pahang,2010,7,185.3333333
Pahang,2011,7,110.5
Pahang,2012,7,120.2666667
Pahang,2013,7,189.1
Pahang,2014,7,96.6
Pahang,2015,7,112.8666667
Pahang,2016,7,139.3333334
Pahang,2017,7,125.4666667
Pahang,2018,7,0.0
Pahang,2019,7,0.0
Pahang,2020,7,0.0
Perak,1980,7,236.2
Perak,1981,7,72.925
Perak,1982,7,229.075
Perak,1983,7,176.125
Perak,1984,7,217.0777778
Perak,1985,7,82.34444444
Perak,1986,7,110.7555556
Perak,1987,7,108.8777778
Perak,1988,7,133.0111111
Perak,1989,7,88.34444444
Perak,1990,7,107.8222222
Perak,1991,7,150.7444444
Perak,1992,7,119.3333333
Perak,1993,7,179.31
Perak,1994,7,27.8
Perak,1995,7,108.81
Perak,1996,7,147.58
Perak,1997,7,124.81
Perak,1998,7,139.76
Perak,1999,7,125.24
Perak,2000,7,63.36
Perak,2001,7,91.33
Perak,2002,7,69.08
Perak,2003,7,173.17
Perak,2004,7,165.55
Perak,2005,7,148.89
Perak,2006,7,112.0
Perak,2007,7,204.24
Perak,2008,7,228.04
Perak,2009,7,170.66
Perak,2010,7,102.24
Perak,2011,7,90.26
Perak,2012,7,126.78
Perak,2013,7,55.38
Perak,2014,7,29.76
Perak,2015,7,93.78
Perak,2016,7,175.76
Perak,2017,7,85.98
Perak,2018,7,0.0
Perak,2019,7,0.0
Perak,2020,7,0.0
Other Pen. States,1980,7,138.7601899
Other Pen. States,1981,7,135.3953923
Other Pen. States,1982,7,169.8621228
Other Pen. States,1983,7,176.357451
Other Pen. States,1984,7,208.6431609
Other Pen. States,1985,7,101.4936366
Other Pen. States,1986,7,149.4463942
Other Pen. States,1987,7,78.30962079
Other Pen. States,1988,7,192.8895233
Other Pen. States,1989,7,108.5320433
Other Pen. States,1990,7,92.70580942
Other Pen. States,1991,7,150.9448316
Other Pen. States,1992,7,146.3736904
Other Pen. States,1993,7,159.6795393
Other Pen. States,1994,7,63.66730963
Other Pen. States,1995,7,168.8654401
Other Pen. States,1996,7,177.0365492
Other Pen. States,1997,7,177.087691
Other Pen. States,1998,7,154.2010585
Other Pen. States,1999,7,164.1179158
Other Pen. States,2000,7,120.208287
Other Pen. States,2001,7,165.0001317
Other Pen. States,2002,7,125.4742867
Other Pen. States,2003,7,240.7851392
Other Pen. States,2004,7,252.4350897
Other Pen. States,2005,7,179.017854
Other Pen. States,2006,7,157.189382
Other Pen. States,2007,7,198.0855806
Other Pen. States,2008,7,107.9660715
Other Pen. States,2009,7,152.1041969
Other Pen. States,2010,7,199.8796464
Other Pen. States,2011,7,120.4032731
Other Pen. States,2012,7,148.2571698
Other Pen. States,2013,7,141.2767429
Other Pen. States,2014,7,125.5521521
Other Pen. States,2015,7,150.3362344
Other Pen. States,2016,7,208.9414807
Other Pen. States,2017,7,159.5249473
Other Pen. States,2018,7,0.0
Other Pen. States,2019,7,0.0
Other Pen. States,2020,7,0.0
Peninsula,1980,7,177.6403297
Peninsula,1981,7,112.0635354
Peninsula,1982,7,159.6214724
Peninsula,1983,7,163.536925
Peninsula,1984,7,200.6603948
Peninsula,1985,7,113.1720284
Peninsula,1986,7,102.1892011
Peninsula,1987,7,135.1561996
Peninsula,1988,7,133.7388096
Peninsula,1989,7,134.7160859
Peninsula,1990,7,148.124785
Peninsula,1991,7,136.7907542
Peninsula,1992,7,154.9015755
Peninsula,1993,7,165.9399935
Peninsula,1994,7,52.28187168
Peninsula,1995,7,134.1682673
Peninsula,1996,7,144.7580142
Peninsula,1997,7,113.741487
Peninsula,1998,7,175.6452146
Peninsula,1999,7,143.5613141
Peninsula,2000,7,114.1039614
Peninsula,2001,7,114.7715057
Peninsula,2002,7,127.3474708
Peninsula,2003,7,188.3682493
Peninsula,2004,7,191.0938345
Peninsula,2005,7,154.2265131
Peninsula,2006,7,137.9954002
Peninsula,2007,7,191.3074333
Peninsula,2008,7,183.225152
Peninsula,2009,7,132.3876131
Peninsula,2010,7,170.4637108
Peninsula,2011,7,111.5472425
Peninsula,2012,7,140.1166534
Peninsula,2013,7,121.7782291
Peninsula,2014,7,107.305069
Peninsula,2015,7,130.7636
Peninsula,2016,7,143.928054
Peninsula,2017,7,120.8867733
Peninsula,2018,7,0.0
Peninsula,2019,7,0.0
Peninsula,2020,7,0.0
Sabah,1980,7,221.9944444
Sabah,1981,7,223.5611111
Sabah,1982,7,176.12
Sabah,1983,7,148.625
Sabah,1984,7,214.045
Sabah,1985,7,155.885
Sabah,1986,7,262.615
Sabah,1987,7,203.155
Sabah,1988,7,265.51
Sabah,1989,7,278.685
Sabah,1990,7,221.265
Sabah,1991,7,156.535
Sabah,1992,7,141.66
Sabah,1993,7,352.19
Sabah,1994,7,211.49
Sabah,1995,7,187.435
Sabah,1996,7,116.86
Sabah,1997,7,318.43
Sabah,1998,7,140.645
Sabah,1999,7,108.235
Sabah,2000,7,178.855
Sabah,2001,7,142.255
Sabah,2002,7,230.295
Sabah,2003,7,191.79
Sabah,2004,7,258.63
Sabah,2005,7,216.06
Sabah,2006,7,358.15
Sabah,2007,7,301.34
Sabah,2008,7,248.07
Sabah,2009,7,195.0
Sabah,2010,7,128.37
Sabah,2011,7,118.09
Sabah,2012,7,245.325
Sabah,2013,7,155.5
Sabah,2014,7,282.71
Sabah,2015,7,115.65
Sabah,2016,7,176.64
Sabah,2017,7,206.64
Sabah,2018,7,0.0
Sabah,2019,7,0.0
Sabah,2020,7,0.0
Sarawak,1980,7,196.625
Sarawak,1981,7,266.9125
Sarawak,1982,7,141.1375
Sarawak,1983,7,248.7
Sarawak,1984,7,314.31
Sarawak,1985,7,227.71
Sarawak,1986,7,166.18
Sarawak,1987,7,203.87
Sarawak,1988,7,297.98
Sarawak,1989,7,190.8
Sarawak,1990,7,204.18
Sarawak,1991,7,138.29
Sarawak,1992,7,166.13
Sarawak,1993,7,237.67
Sarawak,1994,7,88.99
Sarawak,1995,7,304.92
Sarawak,1996,7,140.8
Sarawak,1997,7,189.35
Sarawak,1998,7,239.99
Sarawak,1999,7,167.09
Sarawak,2000,7,133.42
Sarawak,2001,7,175.89
Sarawak,2002,7,158.7
Sarawak,2003,7,194.88
Sarawak,2004,7,264.36
Sarawak,2005,7,179.14
Sarawak,2006,7,160.04
Sarawak,2007,7,357.2
Sarawak,2008,7,325.68
Sarawak,2009,7,124.42
Sarawak,2010,7,405.86
Sarawak,2011,7,138.24
Sarawak,2012,7,231.02
Sarawak,2013,7,143.78
Sarawak,2014,7,132.8
Sarawak,2015,7,163.28
Sarawak,2016,7,251.18
Sarawak,2017,7,158.14
Sarawak,2018,7,0.0
Sarawak,2019,7,0.0
Sarawak,2020,7,0.0
Johor,1980,8,187.3
Johor,1981,8,60.23333333
Johor,1982,8,249.7666667
Johor,1983,8,173.1666667
Johor,1984,8,148.0333333
Johor,1985,8,148.2666667
Johor,1986,8,71.66666667
Johor,1987,8,243.0666667
Johor,1988,8,241.5
Johor,1989,8,133.2333333
Johor,1990,8,108.0
Johor,1991,8,131.1666667
Johor,1992,8,110.275
Johor,1993,8,138.375
Johor,1994,8,152.4
Johor,1995,8,279.4
Johor,1996,8,289.5
Johor,1997,8,178.375
Johor,1998,8,197.3
Johor,1999,8,169.525
Johor,2000,8,212.675
Johor,2001,8,121.675
Johor,2002,8,161.375
Johor,2003,8,145.825
Johor,2004,8,116.0
Johor,2005,8,220.0
Johor,2006,8,113.0
Johor,2007,8,196.65
Johor,2008,8,200.2
Johor,2009,8,146.475
Johor,2010,8,164.5
Johor,2011,8,171.7
Johor,2012,8,233.025
Johor,2013,8,171.125
Johor,2014,8,238.5
Johor,2015,8,163.1175
Johor,2016,8,126.55
Johor,2017,8,205.15
Johor,2018,8,0.0
Johor,2019,8,0.0
Johor,2020,8,0.0
Pahang,1980,8,137.4625
Pahang,1981,8,76.36875
Pahang,1982,8,220.76875
Pahang,1983,8,198.01875
Pahang,1984,8,84.13076923
Pahang,1985,8,136.9461538
Pahang,1986,8,88.30769231
Pahang,1987,8,248.9923077
Pahang,1988,8,247.4153846
Pahang,1989,8,108.4692308
Pahang,1990,8,106.8615385
Pahang,1991,8,76.38461538
Pahang,1992,8,79.00769231
Pahang,1993,8,131.4692308
Pahang,1994,8,177.7076923
Pahang,1995,8,145.6538462
Pahang,1996,8,246.7384615
Pahang,1997,8,135.0769231
Pahang,1998,8,250.0076923
Pahang,1999,8,145.6076923
Pahang,2000,8,108.1846154
Pahang,2001,8,112.4615385
Pahang,2002,8,167.4076923
Pahang,2003,8,148.6615385
Pahang,2004,8,107.0461538
Pahang,2005,8,88.46153846
Pahang,2006,8,156.2
Pahang,2007,8,235.0
Pahang,2008,8,223.7666667
Pahang,2009,8,135.6
Pahang,2010,8,160.4666667
Pahang,2011,8,134.8666667
Pahang,2012,8,229.4
Pahang,2013,8,215.6
Pahang,2014,8,187.1333333
Pahang,2015,8,192.2066667
Pahang,2016,8,119.6666667
Pahang,2017,8,235.5333333
Pahang,2018,8,0.0
Pahang,2019,8,0.0
Pahang,2020,8,0.0
Perak,1980,8,167.05
Perak,1981,8,152.25
Perak,1982,8,93.05
Perak,1983,8,148.325
Perak,1984,8,29.45555556
Perak,1985,8,83.93333333
Perak,1986,8,46.56666667
Perak,1987,8,206.7333333
Perak,1988,8,222.5444444
Perak,1989,8,115.3333333
Perak,1990,8,41.04444444
Perak,1991,8,64.78888889
Perak,1992,8,92.45555556
Perak,1993,8,217.58
Perak,1994,8,141.62
Perak,1995,8,217.04
Perak,1996,8,364.08
Perak,1997,8,104.54
Perak,1998,8,183.15
Perak,1999,8,143.58
Perak,2000,8,109.38
Perak,2001,8,82.24
Perak,2002,8,95.61
Perak,2003,8,174.72
Perak,2004,8,74.17
Perak,2005,8,202.6
Perak,2006,8,158.0
Perak,2007,8,156.24
Perak,2008,8,332.62
Perak,2009,8,224.47
Perak,2010,8,144.4
Perak,2011,8,187.0
Perak,2012,8,144.72
Perak,2013,8,144.4
Perak,2014,8,262.98
Perak,2015,8,111.86
Perak,2016,8,143.64
Perak,2017,8,122.78
Perak,2018,8,0.0
Perak,2019,8,0.0
Perak,2020,8,0.0
Other Pen. States,1980,8,244.0618333
Other Pen. States,1981,8,73.60908664
Other Pen. States,1982,8,178.6284679
Other Pen. States,1983,8,166.1945704
Other Pen. States,1984,8,111.9183504
Other Pen. States,1985,8,179.4769243
Other Pen. States,1986,8,124.8713522
Other Pen. States,1987,8,147.6848013
Other Pen. States,1988,8,174.4210513
Other Pen. States,1989,8,155.7412497
Other Pen. States,1990,8,115.1771891
Other Pen. States,1991,8,220.9089552
Other Pen. States,1992,8,134.1883635
Other Pen. States,1993,8,119.7436936
Other Pen. States,1994,8,126.7991317
Other Pen. States,1995,8,304.1119526
Other Pen. States,1996,8,249.6075617
Other Pen. States,1997,8,165.3939982
Other Pen. States,1998,8,252.1936809
Other Pen. States,1999,8,151.6019884
Other Pen. States,2000,8,156.7883758
Other Pen. States,2001,8,143.82648
Other Pen. States,2002,8,157.8312699
Other Pen. States,2003,8,167.5361566
Other Pen. States,2004,8,141.7261331
Other Pen. States,2005,8,103.3398729
Other Pen. States,2006,8,143.8360884
Other Pen. States,2007,8,111.765183
Other Pen. States,2008,8,217.0447491
Other Pen. States,2009,8,218.359837
Other Pen. States,2010,8,147.7748234
Other Pen. States,2011,8,236.0200445
Other Pen. States,2012,8,144.6970315
Other Pen. States,2013,8,142.1148699
Other Pen. States,2014,8,192.4628622
Other Pen. States,2015,8,283.0581067
Other Pen. States,2016,8,137.1826004
Other Pen. States,2017,8,285.5816858
Other Pen. States,2018,8,0.0
Other Pen. States,2019,8,0.0
Other Pen. States,2020,8,0.0
Peninsula,1980,8,176.3951469
Peninsula,1981,8,88.37807912
Peninsula,1982,8,194.5835621
Peninsula,1983,8,173.3797101
Peninsula,1984,8,93.63572098
Peninsula,1985,8,137.4697586
Peninsula,1986,8,82.58189955
Peninsula,1987,8,218.5654471
Peninsula,1988,8,226.2070337
Peninsula,1989,8,125.8282602
Peninsula,1990,8,95.25065925
Peninsula,1991,8,117.2126808
Peninsula,1992,8,101.7639694
Peninsula,1993,8,149.3100739
Peninsula,1994,8,153.130463
Peninsula,1995,8,231.1406467
Peninsula,1996,8,284.997179
Peninsula,1997,8,147.936257
Peninsula,1998,8,221.9336423
Peninsula,1999,8,153.704317
Peninsula,2000,8,150.6679913
Peninsula,2001,8,116.591498
Peninsula,2002,8,149.5354055
Peninsula,2003,8,157.2051779
Peninsula,2004,8,111.3503966
Peninsula,2005,8,153.0272918
Peninsula,2006,8,140.8615025
Peninsula,2007,8,179.9753219
Peninsula,2008,8,235.9909714
Peninsula,2009,8,175.6576333
Peninsula,2010,8,155.5301998
Peninsula,2011,8,179.9599123
Peninsula,2012,8,193.924312
Peninsula,2013,8,171.2935236
Peninsula,2014,8,217.9354961
Peninsula,2015,8,190.2364248
Peninsula,2016,8,130.4725114
Peninsula,2017,8,217.1809835
Peninsula,2018,8,0.0
Peninsula,2019,8,0.0
Peninsula,2020,8,0.0
Sabah,1980,8,336.0388889
Sabah,1981,8,100.9222222
Sabah,1982,8,171.585
Sabah,1983,8,300.17
Sabah,1984,8,242.61
Sabah,1985,8,188.77
Sabah,1986,8,159.96
Sabah,1987,8,269.695
Sabah,1988,8,140.98
Sabah,1989,8,254.75
Sabah,1990,8,128.96
Sabah,1991,8,302.84
Sabah,1992,8,360.245
Sabah,1993,8,199.31
Sabah,1994,8,298.395
Sabah,1995,8,288.92
Sabah,1996,8,176.065
Sabah,1997,8,112.355
Sabah,1998,8,219.88
Sabah,1999,8,215.375
Sabah,2000,8,151.435
Sabah,2001,8,172.105
Sabah,2002,8,140.27
Sabah,2003,8,195.15
Sabah,2004,8,124.38
Sabah,2005,8,199.6
Sabah,2006,8,284.89
Sabah,2007,8,194.15
Sabah,2008,8,232.67
Sabah,2009,8,151.23
Sabah,2010,8,294.48
Sabah,2011,8,263.49
Sabah,2012,8,149.84
Sabah,2013,8,314.32
Sabah,2014,8,188.465
Sabah,2015,8,175.4
Sabah,2016,8,175.32
Sabah,2017,8,279.85
Sabah,2018,8,0.0
Sabah,2019,8,0.0
Sabah,2020,8,0.0
Sarawak,1980,8,355.65
Sarawak,1981,8,86.5
Sarawak,1982,8,148.4375
Sarawak,1983,8,312.02
Sarawak,1984,8,131.28
Sarawak,1985,8,258.71
Sarawak,1986,8,223.3
Sarawak,1987,8,184.15
Sarawak,1988,8,412.09
Sarawak,1989,8,197.79
Sarawak,1990,8,93.19
Sarawak,1991,8,150.57
Sarawak,1992,8,139.94
Sarawak,1993,8,239.25
Sarawak,1994,8,358.55
Sarawak,1995,8,509.83
Sarawak,1996,8,302.55
Sarawak,1997,8,135.55
Sarawak,1998,8,378.52
Sarawak,1999,8,303.08
Sarawak,2000,8,228.24
Sarawak,2001,8,146.59
Sarawak,2002,8,231.82
Sarawak,2003,8,201.96
Sarawak,2004,8,128.94
Sarawak,2005,8,141.5
Sarawak,2006,8,220.22
Sarawak,2007,8,209.82
Sarawak,2008,8,398.94
Sarawak,2009,8,234.86
Sarawak,2010,8,394.46
Sarawak,2011,8,152.72
Sarawak,2012,8,200.08
Sarawak,2013,8,286.94
Sarawak,2014,8,363.8
Sarawak,2015,8,181.112
Sarawak,2016,8,200.55
Sarawak,2017,8,391.86
Sarawak,2018,8,0.0
Sarawak,2019,8,0.0
Sarawak,2020,8,0.0
Johor,1980,9,206.2666667
Johor,1981,9,152.4666667
Johor,1982,9,90.76666667
Johor,1983,9,211.1
Johor,1984,9,158.6666667
Johor,1985,9,243.9333333
Johor,1986,9,201.5666667
Johor,1987,9,304.7666667
Johor,1988,9,247.0333333
Johor,1989,9,160.4333333
Johor,1990,9,133.2333333
Johor,1991,9,254.9
Johor,1992,9,109.5
Johor,1993,9,113.7
Johor,1994,9,133.45
Johor,1995,9,184.25
Johor,1996,9,180.95
Johor,1997,9,39.75
Johor,1998,9,112.2
Johor,1999,9,131.3
Johor,2000,9,141.25
Johor,2001,9,147.4
Johor,2002,9,184.175
Johor,2003,9,217.55
Johor,2004,9,171.75
Johor,2005,9,185.35
Johor,2006,9,173.725
Johor,2007,9,188.55
Johor,2008,9,214.925
Johor,2009,9,153.65
Johor,2010,9,183.75
Johor,2011,9,198.7
Johor,2012,9,176.525
Johor,2013,9,214.75
Johor,2014,9,140.55
Johor,2015,9,162.95
Johor,2016,9,161.85
Johor,2017,9,0.0
Johor,2018,9,0.0
Johor,2019,9,0.0
Johor,2020,9,0.0
Pahang,1980,9,172.8375
Pahang,1981,9,272.73125
Pahang,1982,9,132.5875
Pahang,1983,9,275.16875
Pahang,1984,9,156.1230769
Pahang,1985,9,120.1153846
Pahang,1986,9,260.3692308
Pahang,1987,9,166.9153846
Pahang,1988,9,135.3615385
Pahang,1989,9,215.7615385
Pahang,1990,9,227.0461538
Pahang,1991,9,88.06153846
Pahang,1992,9,169.7830769
Pahang,1993,9,199.9076923
Pahang,1994,9,219.7461538
Pahang,1995,9,167.8384615
Pahang,1996,9,196.0076923
Pahang,1997,9,13.14615385
Pahang,1998,9,78.43846154
Pahang,1999,9,200.4369231
Pahang,2000,9,144.8461538
Pahang,2001,9,192.7153846
Pahang,2002,9,171.9769231
Pahang,2003,9,96.56923077
Pahang,2004,9,218.7230769
Pahang,2005,9,240.2153846
Pahang,2006,9,161.3
Pahang,2007,9,162.0
Pahang,2008,9,160.8
Pahang,2009,9,127.0
Pahang,2010,9,177.6666667
Pahang,2011,9,232.9333333
Pahang,2012,9,173.4666667
Pahang,2013,9,246.6666667
Pahang,2014,9,108.6
Pahang,2015,9,77.83333333
Pahang,2016,9,192.4666667
Pahang,2017,9,96.0
Pahang,2018,9,0.0
Pahang,2019,9,0.0
Pahang,2020,9,0.0
Perak,1980,9,166.775
Perak,1981,9,238.775
Perak,1982,9,118.7
Perak,1983,9,323.15
Perak,1984,9,89.64444444
Perak,1985,9,170.2
Perak,1986,9,137.9222222
Perak,1987,9,204.5666667
Perak,1988,9,265.2
Perak,1989,9,272.9666667
Perak,1990,9,197.0111111
Perak,1991,9,159.4666667
Perak,1992,9,185.6777778
Perak,1993,9,179.28
Perak,1994,9,268.22
Perak,1995,9,174.81
Perak,1996,9,69.85
Perak,1997,9,151.8
Perak,1998,9,139.21
Perak,1999,9,304.86
Perak,2000,9,215.05
Perak,2001,9,180.11
Perak,2002,9,229.24
Perak,2003,9,160.78
Perak,2004,9,229.78
Perak,2005,9,105.72
Perak,2006,9,191.7
Perak,2007,9,144.26
Perak,2008,9,187.74
Perak,2009,9,226.45
Perak,2010,9,148.8
Perak,2011,9,170.58
Perak,2012,9,203.94
Perak,2013,9,147.46
Perak,2014,9,169.08
Perak,2015,9,209.44
Perak,2016,9,206.4
Perak,2017,9,104.88
Perak,2018,9,0.0
Perak,2019,9,0.0
Perak,2020,9,0.0
Other Pen. States,1980,9,175.1193004
Other Pen. States,1981,9,203.2747062
Other Pen. States,1982,9,233.8075717
Other Pen. States,1983,9,323.6023679
Other Pen. States,1984,9,184.2189944
Other Pen. States,1985,9,245.4023797
Other Pen. States,1986,9,188.5788585
Other Pen. States,1987,9,251.9115361
Other Pen. States,1988,9,364.4558405
Other Pen. States,1989,9,226.5877351
Other Pen. States,1990,9,180.1424462
Other Pen. States,1991,9,220.0889404
Other Pen. States,1992,9,166.0223573
Other Pen. States,1993,9,256.2314777
Other Pen. States,1994,9,190.4817388
Other Pen. States,1995,9,208.7953612
Other Pen. States,1996,9,159.7664529
Other Pen. States,1997,9,209.1159376
Other Pen. States,1998,9,174.8858717
Other Pen. States,1999,9,185.464493
Other Pen. States,2000,9,229.8819447
Other Pen. States,2001,9,218.6885957
Other Pen. States,2002,9,223.4412316
Other Pen. States,2003,9,211.0181203
Other Pen. States,2004,9,262.2866923
Other Pen. States,2005,9,155.9844356
Other Pen. States,2006,9,200.413714
Other Pen. States,2007,9,158.7117009
Other Pen. States,2008,9,200.637587
Other Pen. States,2009,9,222.5792959
Other Pen. States,2010,9,223.2661289
Other Pen. States,2011,9,183.4200203
Other Pen. States,2012,9,217.041338
Other Pen. States,2013,9,248.754242
Other Pen. States,2014,9,214.6725309
Other Pen. States,2015,9,181.4917694
Other Pen. States,2016,9,231.3385394
Other Pen. States,2017,9,68.80613549
Other Pen. States,2018,9,0.0
Other Pen. States,2019,9,0.0
Other Pen. States,2020,9,0.0
Peninsula,1980,9,183.0869559
Peninsula,1981,9,214.0816226
Peninsula,1982,9,129.3804606
Peninsula,1983,9,271.5389511
Peninsula,1984,9,145.1977461
Peninsula,1985,9,188.0649138
Peninsula,1986,9,205.3192501
Peninsula,1987,9,227.9945333
Peninsula,1988,9,237.1898761
Peninsula,1989,9,215.0914235
Peninsula,1990,9,186.7461922
Peninsula,1991,9,173.1095998
Peninsula,1992,9,152.5938198
Peninsula,1993,9,178.4113273
Peninsula,1994,9,197.1419442
Peninsula,1995,9,181.811581
Peninsula,1996,9,158.7387692
Peninsula,1997,9,85.25072499
Peninsula,1998,9,122.4481928
Peninsula,1999,9,196.6182117
Peninsula,2000,9,176.9474483
Peninsula,2001,9,182.8041173
Peninsula,2002,9,198.5305299
Peninsula,2003,9,171.3085818
Peninsula,2004,9,216.946665
Peninsula,2005,9,178.5078135
Peninsula,2006,9,179.883313
Peninsula,2007,9,165.7029145
Peninsula,2008,9,191.3961043
Peninsula,2009,9,176.7861364
Peninsula,2010,9,184.9264752
Peninsula,2011,9,199.0879671
Peninsula,2012,9,190.6647561
Peninsula,2013,9,218.8992625
Peninsula,2014,9,155.0372405
Peninsula,2015,9,152.8360999
Peninsula,2016,9,195.5065523
Peninsula,2017,9,63.00037521
Peninsula,2018,9,0.0
Peninsula,2019,9,0.0
Peninsula,2020,9,0.0
Sabah,1980,9,304.0388889
Sabah,1981,9,238.3055556
Sabah,1982,9,199.545
Sabah,1983,9,278.525
Sabah,1984,9,276.275
Sabah,1985,9,191.92
Sabah,1986,9,178.94
Sabah,1987,9,217.48
Sabah,1988,9,195.95
Sabah,1989,9,223.655
Sabah,1990,9,274.885
Sabah,1991,9,124.59
Sabah,1992,9,231.555
Sabah,1993,9,137.33
Sabah,1994,9,243.14
Sabah,1995,9,195.775
Sabah,1996,9,355.38
Sabah,1997,9,109.92
Sabah,1998,9,201.59
Sabah,1999,9,164.345
Sabah,2000,9,166.145
Sabah,2001,9,187.25
Sabah,2002,9,224.6
Sabah,2003,9,192.06
Sabah,2004,9,168.38
Sabah,2005,9,196.68
Sabah,2006,9,625.72
Sabah,2007,9,246.15
Sabah,2008,9,179.98
Sabah,2009,9,170.94
Sabah,2010,9,211.92
Sabah,2011,9,113.62
Sabah,2012,9,283.16
Sabah,2013,9,149.76
Sabah,2014,9,198.98
Sabah,2015,9,182.69
Sabah,2016,9,263.38
Sabah,2017,9,218.98
Sabah,2018,9,0.0
Sabah,2019,9,0.0
Sabah,2020,9,0.0
Sarawak,1980,9,263.025
Sarawak,1981,9,409.6
Sarawak,1982,9,157.075
Sarawak,1983,9,478.25
Sarawak,1984,9,199.86
Sarawak,1985,9,217.71
Sarawak,1986,9,293.3
Sarawak,1987,9,249.08
Sarawak,1988,9,345.17
Sarawak,1989,9,310.5
Sarawak,1990,9,257.74
Sarawak,1991,9,219.18
Sarawak,1992,9,277.74
Sarawak,1993,9,281.48
Sarawak,1994,9,110.87
Sarawak,1995,9,300.69
Sarawak,1996,9,234.89
Sarawak,1997,9,165.01
Sarawak,1998,9,317.69
Sarawak,1999,9,251.21
Sarawak,2000,9,358.12
Sarawak,2001,9,355.91
Sarawak,2002,9,269.12
Sarawak,2003,9,221.64
Sarawak,2004,9,381.13
Sarawak,2005,9,224.52
Sarawak,2006,9,203.22
Sarawak,2007,9,334.4
Sarawak,2008,9,274.42
Sarawak,2009,9,163.52
Sarawak,2010,9,388.62
Sarawak,2011,9,217.94
Sarawak,2012,9,130.74
Sarawak,2013,9,257.94
Sarawak,2014,9,222.08
Sarawak,2015,9,133.82
Sarawak,2016,9,237.38
Sarawak,2017,9,231.34
Sarawak,2018,9,0.0
Sarawak,2019,9,0.0
Sarawak,2020,9,0.0
Johor,1980,10,279.7
Johor,1981,10,154.8666667
Johor,1982,10,177.7
Johor,1983,10,162.9
Johor,1984,10,147.1333333
Johor,1985,10,196.8666667
Johor,1986,10,275.6
Johor,1987,10,189.3
Johor,1988,10,88.6
Johor,1989,10,235.4666667
Johor,1990,10,264.4666667
Johor,1991,10,242.5
Johor,1992,10,118.0
Johor,1993,10,305.05
Johor,1994,10,162.65
Johor,1995,10,227.475
Johor,1996,10,215.0
Johor,1997,10,148.5
Johor,1998,10,186.35
Johor,1999,10,246.2
Johor,2000,10,131.35
Johor,2001,10,266.725
Johor,2002,10,121.1
Johor,2003,10,268.45
Johor,2004,10,254.025
Johor,2005,10,236.75
Johor,2006,10,145.85
Johor,2007,10,173.15
Johor,2008,10,289.2
Johor,2009,10,117.45
Johor,2010,10,123.9
Johor,2011,10,357.15
Johor,2012,10,188.025
Johor,2013,10,186.25
Johor,2014,10,205.6
Johor,2015,10,156.65
Johor,2016,10,194.7
Johor,2017,10,0.0
Johor,2018,10,0.0
Johor,2019,10,0.0
Johor,2020,10,0.0
Pahang,1980,10,289.81875
Pahang,1981,10,175.0375
Pahang,1982,10,169.1375
Pahang,1983,10,114.75
Pahang,1984,10,167.7153846
Pahang,1985,10,285.3076923
Pahang,1986,10,275.9923077
Pahang,1987,10,249.1
Pahang,1988,10,101.6769231
Pahang,1989,10,250.3692308
Pahang,1990,10,173.8307692
Pahang,1991,10,257.7230769
Pahang,1992,10,238.1769231
Pahang,1993,10,270.3230769
Pahang,1994,10,202.9307692
Pahang,1995,10,249.3153846
Pahang,1996,10,167.4
Pahang,1997,10,241.4307692
Pahang,1998,10,245.9846154
Pahang,1999,10,252.0461538
Pahang,2000,10,226.9692308
Pahang,2001,10,198.4692308
Pahang,2002,10,171.7846154
Pahang,2003,10,226.2307692
Pahang,2004,10,387.0153846
Pahang,2005,10,204.9230769
Pahang,2006,10,140.8
Pahang,2007,10,350.4
Pahang,2008,10,236.0333333
Pahang,2009,10,225.4
Pahang,2010,10,82.0
Pahang,2011,10,278.2
Pahang,2012,10,217.4
Pahang,2013,10,239.4
Pahang,2014,10,271.7333333
Pahang,2015,10,164.4666667
Pahang,2016,10,192.2
Pahang,2017,10,0.0
Pahang,2018,10,0.0
Pahang,2019,10,0.0
Pahang,2020,10,0.0
Perak,1980,10,194.9
Perak,1981,10,374.4
Perak,1982,10,225.35
Perak,1983,10,81.925
Perak,1984,10,274.0
Perak,1985,10,252.4222222
Perak,1986,10,191.8
Perak,1987,10,419.7
Perak,1988,10,98.5
Perak,1989,10,178.2111111
Perak,1990,10,344.6333333
Perak,1991,10,167.4111111
Perak,1992,10,218.1333333
Perak,1993,10,336.24
Perak,1994,10,171.72
Perak,1995,10,222.42
Perak,1996,10,230.82
Perak,1997,10,213.37
Perak,1998,10,224.9
Perak,1999,10,282.14
Perak,2000,10,194.87
Perak,2001,10,241.5
Perak,2002,10,233.22
Perak,2003,10,512.66
Perak,2004,10,254.72
Perak,2005,10,347.6
Perak,2006,10,235.92
Perak,2007,10,234.38
Perak,2008,10,420.88
Perak,2009,10,240.38
Perak,2010,10,95.82
Perak,2011,10,357.14
Perak,2012,10,240.24
Perak,2013,10,388.26
Perak,2014,10,300.96
Perak,2015,10,277.84
Perak,2016,10,202.2
Perak,2017,10,0.0
Perak,2018,10,0.0
Perak,2019,10,0.0
Perak,2020,10,0.0
Other Pen. States,1980,10,210.8222329
Other Pen. States,1981,10,263.9120675
Other Pen. States,1982,10,290.1424843
Other Pen. States,1983,10,323.1445627
Other Pen. States,1984,10,173.000322
Other Pen. States,1985,10,236.6106161
Other Pen. States,1986,10,255.4257462
Other Pen. States,1987,10,318.3155781
Other Pen. States,1988,10,191.3549
Other Pen. States,1989,10,305.6878564
Other Pen. States,1990,10,292.9755767
Other Pen. States,1991,10,252.3103881
Other Pen. States,1992,10,191.2722513
Other Pen. States,1993,10,342.2058254
Other Pen. States,1994,10,290.5610766
Other Pen. States,1995,10,204.4009274
Other Pen. States,1996,10,278.2461983
Other Pen. States,1997,10,282.4126513
Other Pen. States,1998,10,215.8281212
Other Pen. States,1999,10,246.5206606
Other Pen. States,2000,10,213.1436565
Other Pen. States,2001,10,256.3779568
Other Pen. States,2002,10,200.2047787
Other Pen. States,2003,10,283.4560848
Other Pen. States,2004,10,291.6102073
Other Pen. States,2005,10,284.3887701
Other Pen. States,2006,10,245.5394097
Other Pen. States,2007,10,301.9488468
Other Pen. States,2008,10,318.7912288
Other Pen. States,2009,10,257.7375552
Other Pen. States,2010,10,226.2549294
Other Pen. States,2011,10,354.506029
Other Pen. States,2012,10,330.8357599
Other Pen. States,2013,10,256.5239732
Other Pen. States,2014,10,299.257413
Other Pen. States,2015,10,289.054368
Other Pen. States,2016,10,226.4379784
Other Pen. States,2017,10,0.0
Other Pen. States,2018,10,0.0
Other Pen. States,2019,10,0.0
Other Pen. States,2020,10,0.0
Peninsula,1980,10,252.877076
Peninsula,1981,10,227.6922797
Peninsula,1982,10,202.3534603
Peninsula,1983,10,152.7565082
Peninsula,1984,10,186.4362494
Peninsula,1985,10,245.4823898
Peninsula,1986,10,254.4446337
Peninsula,1987,10,282.2352949
Peninsula,1988,10,115.40631
Peninsula,1989,10,242.5639462
Peninsula,1990,10,256.6753147
Peninsula,1991,10,234.0110326
Peninsula,1992,10,186.9055167
Peninsula,1993,10,307.7908162
Peninsula,1994,10,199.41761
Peninsula,1995,10,228.8055032
Peninsula,1996,10,215.4103439
Peninsula,1997,10,213.5238667
Peninsula,1998,10,217.2392897
Peninsula,1999,10,254.8495586
Peninsula,2000,10,189.1692366
Peninsula,2001,10,240.4148118
Peninsula,2002,10,175.1474898
Peninsula,2003,10,307.3093567
Peninsula,2004,10,299.9439209
Peninsula,2005,10,260.2674885
Peninsula,2006,10,184.8271205
Peninsula,2007,10,264.1482938
Peninsula,2008,10,306.786465
Peninsula,2009,10,204.3939308
Peninsula,2010,10,131.6526159
Peninsula,2011,10,334.7684477
Peninsula,2012,10,240.4555094
Peninsula,2013,10,256.3198148
Peninsula,2014,10,264.5438467
Peninsula,2015,10,213.7871187
Peninsula,2016,10,203.083229
Peninsula,2017,10,0.0
Peninsula,2018,10,0.0
Peninsula,2019,10,0.0
Peninsula,2020,10,0.0
Sabah,1980,10,322.2388889
Sabah,1981,10,365.25
Sabah,1982,10,129.1
Sabah,1983,10,205.995
Sabah,1984,10,199.13
Sabah,1985,10,272.955
Sabah,1986,10,263.665
Sabah,1987,10,186.98
Sabah,1988,10,312.785
Sabah,1989,10,330.725
Sabah,1990,10,163.91
Sabah,1991,10,161.28
Sabah,1992,10,293.705
Sabah,1993,10,270.7
Sabah,1994,10,224.14
Sabah,1995,10,267.25
Sabah,1996,10,294.4
Sabah,1997,10,160.035
Sabah,1998,10,484.865
Sabah,1999,10,283.83
Sabah,2000,10,489.545
Sabah,2001,10,288.575
Sabah,2002,10,205.92
Sabah,2003,10,267.62
Sabah,2004,10,181.1
Sabah,2005,10,317.6
Sabah,2006,10,352.78
Sabah,2007,10,322.03
Sabah,2008,10,283.15
Sabah,2009,10,296.305
Sabah,2010,10,138.45
Sabah,2011,10,184.86
Sabah,2012,10,240.92
Sabah,2013,10,247.53
Sabah,2014,10,259.125
Sabah,2015,10,203.56
Sabah,2016,10,279.9
Sabah,2017,10,0.0
Sabah,2018,10,0.0
Sabah,2019,10,0.0
Sabah,2020,10,0.0
Sarawak,1980,10,351.6125
Sarawak,1981,10,265.75
Sarawak,1982,10,275.8875
Sarawak,1983,10,228.49
Sarawak,1984,10,358.62
Sarawak,1985,10,276.83
Sarawak,1986,10,373.18
Sarawak,1987,10,304.97
Sarawak,1988,10,290.15
Sarawak,1989,10,391.48
Sarawak,1990,10,347.94
Sarawak,1991,10,257.18
Sarawak,1992,10,288.43
Sarawak,1993,10,321.51
Sarawak,1994,10,311.43
Sarawak,1995,10,299.6
Sarawak,1996,10,408.5
Sarawak,1997,10,238.73
Sarawak,1998,10,340.98
Sarawak,1999,10,496.52
Sarawak,2000,10,381.59
Sarawak,2001,10,392.84
Sarawak,2002,10,256.38
Sarawak,2003,10,427.02
Sarawak,2004,10,254.14
Sarawak,2005,10,396.1
Sarawak,2006,10,195.14
Sarawak,2007,10,297.76
Sarawak,2008,10,362.92
Sarawak,2009,10,361.28
Sarawak,2010,10,360.8
Sarawak,2011,10,307.68
Sarawak,2012,10,344.34
Sarawak,2013,10,275.74
Sarawak,2014,10,265.24
Sarawak,2015,10,211.16
Sarawak,2016,10,294.92
Sarawak,2017,10,0.0
Sarawak,2018,10,0.0
Sarawak,2019,10,0.0
Sarawak,2020,10,0.0
Johor,1980,11,312.1
Johor,1981,11,249.6666667
Johor,1982,11,253.6333333
Johor,1983,11,273.0666667
Johor,1984,11,254.2666667
Johor,1985,11,313.7666667
Johor,1986,11,180.0333333
Johor,1987,11,212.3666667
Johor,1988,11,332.6
Johor,1989,11,281.0666667
Johor,1990,11,225.5333333
Johor,1991,11,343.0666667
Johor,1992,11,317.2
Johor,1993,11,281.15
Johor,1994,11,374.0
Johor,1995,11,336.025
Johor,1996,11,212.175
Johor,1997,11,197.5
Johor,1998,11,73.625
Johor,1999,11,177.6
Johor,2000,11,248.975
Johor,2001,11,198.025
Johor,2002,11,295.425
Johor,2003,11,253.2
Johor,2004,11,326.425
Johor,2005,11,323.75
Johor,2006,11,300.225
Johor,2007,11,261.75
Johor,2008,11,243.6
Johor,2009,11,267.95
Johor,2010,11,274.175
Johor,2011,11,299.675
Johor,2012,11,398.55
Johor,2013,11,219.65
Johor,2014,11,336.95
Johor,2015,11,290.7
Johor,2016,11,221.4
Johor,2017,11,0.0
Johor,2018,11,0.0
Johor,2019,11,0.0
Johor,2020,11,0.0
Pahang,1980,11,226.7375
Pahang,1981,11,376.175
Pahang,1982,11,329.6875
Pahang,1983,11,227.39375
Pahang,1984,11,205.4153846
Pahang,1985,11,307.0
Pahang,1986,11,145.7538462
Pahang,1987,11,236.8923077
Pahang,1988,11,403.2615385
Pahang,1989,11,163.7769231
Pahang,1990,11,285.7307692
Pahang,1991,11,250.5076923
Pahang,1992,11,379.1615385
Pahang,1993,11,283.3461538
Pahang,1994,11,521.2384615
Pahang,1995,11,295.4923077
Pahang,1996,11,245.4461538
Pahang,1997,11,235.3307692
Pahang,1998,11,180.0384615
Pahang,1999,11,178.4384615
Pahang,2000,11,142.5230769
Pahang,2001,11,327.9384615
Pahang,2002,11,279.8230769
Pahang,2003,11,261.8230769
Pahang,2004,11,181.5692308
Pahang,2005,11,551.3846154
Pahang,2006,11,240.4666667
Pahang,2007,11,192.0666667
Pahang,2008,11,290.4
Pahang,2009,11,257.2
Pahang,2010,11,251.6
Pahang,2011,11,237.3666667
Pahang,2012,11,220.1333333
Pahang,2013,11,175.0666667
Pahang,2014,11,193.2
Pahang,2015,11,244.7333333
Pahang,2016,11,275.5333333
Pahang,2017,11,0.0
Pahang,2018,11,0.0
Pahang,2019,11,0.0
Pahang,2020,11,0.0
Perak,1980,11,221.25
Perak,1981,11,110.25
Perak,1982,11,224.95
Perak,1983,11,145.25
Perak,1984,11,219.0555556
Perak,1985,11,315.1777778
Perak,1986,11,209.4555556
Perak,1987,11,186.2111111
Perak,1988,11,270.9
Perak,1989,11,273.0444444
Perak,1990,11,281.8555556
Perak,1991,11,260.4888889
Perak,1992,11,293.3666667
Perak,1993,11,274.38
Perak,1994,11,320.16
Perak,1995,11,236.28
Perak,1996,11,175.95
Perak,1997,11,290.22
Perak,1998,11,278.0
Perak,1999,11,278.96
Perak,2000,11,202.89
Perak,2001,11,218.08
Perak,2002,11,172.92
Perak,2003,11,252.53
Perak,2004,11,177.23
Perak,2005,11,291.3
Perak,2006,11,275.83
Perak,2007,11,238.09
Perak,2008,11,213.42
Perak,2009,11,275.7
Perak,2010,11,281.54
Perak,2011,11,418.77
Perak,2012,11,273.12
Perak,2013,11,204.04
Perak,2014,11,270.96
Perak,2015,11,360.68
Perak,2016,11,249.3
Perak,2017,11,0.0
Perak,2018,11,0.0
Perak,2019,11,0.0
Perak,2020,11,0.0
Other Pen. States,1980,11,348.7969233
Other Pen. States,1981,11,228.4198167
Other Pen. States,1982,11,383.6788147
Other Pen. States,1983,11,246.9874173
Other Pen. States,1984,11,366.826552
Other Pen. States,1985,11,326.7253227
Other Pen. States,1986,11,618.4225263
Other Pen. States,1987,11,280.2364005
Other Pen. States,1988,11,835.5717169
Other Pen. States,1989,11,323.5250354
Other Pen. States,1990,11,267.5879509
Other Pen. States,1991,11,435.300958
Other Pen. States,1992,11,415.9490653
Other Pen. States,1993,11,412.5164423
Other Pen. States,1994,11,716.5563156
Other Pen. States,1995,11,496.9187814
Other Pen. States,1996,11,231.3078628
Other Pen. States,1997,11,436.683282
Other Pen. States,1998,11,245.5479659
Other Pen. States,1999,11,394.1667055
Other Pen. States,2000,11,453.8078698
Other Pen. States,2001,11,321.2316821
Other Pen. States,2002,11,364.8398268
Other Pen. States,2003,11,462.4343596
Other Pen. States,2004,11,403.7910393
Other Pen. States,2005,11,287.2613988
Other Pen. States,2006,11,407.1755158
Other Pen. States,2007,11,253.5689218
Other Pen. States,2008,11,652.9167489
Other Pen. States,2009,11,583.2799613
Other Pen. States,2010,11,295.4863771
Other Pen. States,2011,11,422.3421905
Other Pen. States,2012,11,365.7262752
Other Pen. States,2013,11,428.0784527
Other Pen. States,2014,11,603.2044507
Other Pen. States,2015,11,448.4878551
Other Pen. States,2016,11,409.9756568
Other Pen. States,2017,11,0.0
Other Pen. States,2018,11,0.0
Other Pen. States,2019,11,0.0
Other Pen. States,2020,11,0.0
Peninsula,1980,11,271.6535595
Peninsula,1981,11,249.7055515
Peninsula,1982,11,286.7848485
Peninsula,1983,11,226.3165993
Peninsula,1984,11,242.1018809
Peninsula,1985,11,314.3965358
Peninsula,1986,11,261.9589702
Peninsula,1987,11,228.5899421
Peninsula,1988,11,443.3088411
Peninsula,1989,11,249.055253
Peninsula,1990,11,265.422736
Peninsula,1991,11,313.7714357
Peninsula,1992,11,349.5785774
Peninsula,1993,11,303.929575
Peninsula,1994,11,468.0829103
Peninsula,1995,11,332.2008957
Peninsula,1996,11,218.0412221
Peninsula,1997,11,270.705112
Peninsula,1998,11,182.4515547
Peninsula,1999,11,247.3491681
Peninsula,2000,11,257.5853598
Peninsula,2001,11,266.5664935
Peninsula,2002,11,283.4056257
Peninsula,2003,11,303.7183543
Peninsula,2004,11,275.0060269
Peninsula,2005,11,372.602792
Peninsula,2006,11,303.4909888
Peninsula,2007,11,235.8431189
Peninsula,2008,11,349.2912548
Peninsula,2009,11,342.3925759
Peninsula,2010,11,274.4932529
Peninsula,2011,11,334.7555916
Peninsula,2012,11,317.5980932
Peninsula,2013,11,254.5814808
Peninsula,2014,11,348.8896579
Peninsula,2015,11,329.3741835
Peninsula,2016,11,287.0329173
Peninsula,2017,11,0.0
Peninsula,2018,11,0.0
Peninsula,2019,11,0.0
Peninsula,2020,11,0.0
Sabah,1980,11,285.0222222
Sabah,1981,11,362.8888889
Sabah,1982,11,130.63
Sabah,1983,11,298.435
Sabah,1984,11,263.175
Sabah,1985,11,324.295
Sabah,1986,11,330.62
Sabah,1987,11,299.79
Sabah,1988,11,413.71
Sabah,1989,11,201.69
Sabah,1990,11,158.59
Sabah,1991,11,288.53
Sabah,1992,11,279.61
Sabah,1993,11,237.93
Sabah,1994,11,361.845
Sabah,1995,11,279.69
Sabah,1996,11,359.945
Sabah,1997,11,229.76
Sabah,1998,11,266.38
Sabah,1999,11,189.18
Sabah,2000,11,225.095
Sabah,2001,11,327.52
Sabah,2002,11,305.83
Sabah,2003,11,225.3
Sabah,2004,11,240.91
Sabah,2005,11,313.15
Sabah,2006,11,151.67
Sabah,2007,11,217.43
Sabah,2008,11,326.1
Sabah,2009,11,246.98
Sabah,2010,11,297.23
Sabah,2011,11,299.38
Sabah,2012,11,413.1
Sabah,2013,11,299.305
Sabah,2014,11,187.06
Sabah,2015,11,265.56
Sabah,2016,11,253.34
Sabah,2017,11,0.0
Sabah,2018,11,0.0
Sabah,2019,11,0.0
Sabah,2020,11,0.0
Sarawak,1980,11,351.875
Sarawak,1981,11,395.5
Sarawak,1982,11,258.1625
Sarawak,1983,11,461.41
Sarawak,1984,11,300.59
Sarawak,1985,11,321.51
Sarawak,1986,11,412.29
Sarawak,1987,11,360.22
Sarawak,1988,11,469.66
Sarawak,1989,11,356.52
Sarawak,1990,11,306.72
Sarawak,1991,11,330.29
Sarawak,1992,11,356.45
Sarawak,1993,11,282.64
Sarawak,1994,11,311.26
Sarawak,1995,11,386.81
Sarawak,1996,11,262.35
Sarawak,1997,11,307.74
Sarawak,1998,11,429.22
Sarawak,1999,11,283.71
Sarawak,2000,11,346.19
Sarawak,2001,11,310.24
Sarawak,2002,11,391.2
Sarawak,2003,11,389.36
Sarawak,2004,11,354.82
Sarawak,2005,11,265.7
Sarawak,2006,11,254.62
Sarawak,2007,11,395.16
Sarawak,2008,11,402.0
Sarawak,2009,11,384.12
Sarawak,2010,11,379.06
Sarawak,2011,11,338.88
Sarawak,2012,11,369.92
Sarawak,2013,11,295.82
Sarawak,2014,11,321.56
Sarawak,2015,11,419.66
Sarawak,2016,11,356.42
Sarawak,2017,11,0.0
Sarawak,2018,11,0.0
Sarawak,2019,11,0.0
Sarawak,2020,11,0.0
Johor,1980,12,267.1666667
Johor,1981,12,428.3666667
Johor,1982,12,740.5
Johor,1983,12,613.8
Johor,1984,12,263.6666667
Johor,1985,12,237.7666667
Johor,1986,12,245.2666667
Johor,1987,12,487.9666667
Johor,1988,12,153.3333333
Johor,1989,12,337.5666667
Johor,1990,12,397.9666667
Johor,1991,12,825.8666667
Johor,1992,12,415.8
Johor,1993,12,321.8
Johor,1994,12,313.875
Johor,1995,12,387.825
Johor,1996,12,211.8
Johor,1997,12,283.575
Johor,1998,12,398.075
Johor,1999,12,171.275
Johor,2000,12,366.775
Johor,2001,12,352.325
Johor,2002,12,264.85
Johor,2003,12,270.475
Johor,2004,12,197.475
Johor,2005,12,219.0
Johor,2006,12,663.35
Johor,2007,12,443.075
Johor,2008,12,303.35
Johor,2009,12,159.6
Johor,2010,12,225.2
Johor,2011,12,435.65
Johor,2012,12,350.025
Johor,2013,12,400.625
Johor,2014,12,429.1
Johor,2015,12,365.0
Johor,2016,12,197.3175
Johor,2017,12,0.0
Johor,2018,12,0.0
Johor,2019,12,0.0
Johor,2020,12,0.0
Pahang,1980,12,231.46875
Pahang,1981,12,222.68125
Pahang,1982,12,117.95625
Pahang,1983,12,338.08125
Pahang,1984,12,350.6769231
Pahang,1985,12,203.3538462
Pahang,1986,12,292.0076923
Pahang,1987,12,443.9769231
Pahang,1988,12,82.4
Pahang,1989,12,185.2769231
Pahang,1990,12,397.9769231
Pahang,1991,12,600.3307692
Pahang,1992,12,318.5076923
Pahang,1993,12,399.8846154
Pahang,1994,12,262.0769231
Pahang,1995,12,456.5769231
Pahang,1996,12,233.1615385
Pahang,1997,12,393.9076923
Pahang,1998,12,505.6384615
Pahang,1999,12,263.8153846
Pahang,2000,12,289.6615385
Pahang,2001,12,428.2538462
Pahang,2002,12,261.9692308
Pahang,2003,12,272.1153846
Pahang,2004,12,273.5538462
Pahang,2005,12,346.7692308
Pahang,2006,12,516.5333333
Pahang,2007,12,808.8666667
Pahang,2008,12,308.9
Pahang,2009,12,556.2
Pahang,2010,12,351.4
Pahang,2011,12,612.8
Pahang,2012,12,367.4666667
Pahang,2013,12,527.6
Pahang,2014,12,719.2
Pahang,2015,12,299.9
Pahang,2016,12,320.6766667
Pahang,2017,12,0.0
Pahang,2018,12,0.0
Pahang,2019,12,0.0
Pahang,2020,12,0.0
Perak,1980,12,160.575
Perak,1981,12,87.15
Perak,1982,12,289.15
Perak,1983,12,211.35
Perak,1984,12,202.9888889
Perak,1985,12,183.0333333
Perak,1986,12,244.0111111
Perak,1987,12,315.3111111
Perak,1988,12,205.3666667
Perak,1989,12,131.9333333
Perak,1990,12,217.5111111
Perak,1991,12,186.3222222
Perak,1992,12,240.8222222
Perak,1993,12,348.74
Perak,1994,12,154.7
Perak,1995,12,344.27
Perak,1996,12,202.76
Perak,1997,12,178.56
Perak,1998,12,256.62
Perak,1999,12,234.21
Perak,2000,12,268.05
Perak,2001,12,142.68
Perak,2002,12,197.66
Perak,2003,12,186.15
Perak,2004,12,148.94
Perak,2005,12,318.9
Perak,2006,12,183.48
Perak,2007,12,131.06
Perak,2008,12,227.9
Perak,2009,12,185.66
Perak,2010,12,190.82
Perak,2011,12,231.98
Perak,2012,12,185.78
Perak,2013,12,194.44
Perak,2014,12,213.52
Perak,2015,12,62.6
Perak,2016,12,175.024
Perak,2017,12,0.0
Perak,2018,12,0.0
Perak,2019,12,0.0
Perak,2020,12,0.0
Other Pen. States,1980,12,189.7676658
Other Pen. States,1981,12,101.1774451
Other Pen. States,1982,12,178.6641862
Other Pen. States,1983,12,170.4880137
Other Pen. States,1984,12,226.1680525
Other Pen. States,1985,12,260.7777277
Other Pen. States,1986,12,269.7256718
Other Pen. States,1987,12,505.2670973
Other Pen. States,1988,12,191.0481068
Other Pen. States,1989,12,200.3159665
Other Pen. States,1990,12,204.8467446
Other Pen. States,1991,12,459.9383771
Other Pen. States,1992,12,298.5141249
Other Pen. States,1993,12,418.7525742
Other Pen. States,1994,12,178.0559463
Other Pen. States,1995,12,394.0557779
Other Pen. States,1996,12,530.455391
Other Pen. States,1997,12,374.211328
Other Pen. States,1998,12,346.1808441
Other Pen. States,1999,12,394.4756779
Other Pen. States,2000,12,418.4819759
Other Pen. States,2001,12,236.7997824
Other Pen. States,2002,12,379.8518593
Other Pen. States,2003,12,435.2524936
Other Pen. States,2004,12,205.4777489
Other Pen. States,2005,12,348.3440047
Other Pen. States,2006,12,229.9913023
Other Pen. States,2007,12,325.5236288
Other Pen. States,2008,12,360.4045793
Other Pen. States,2009,12,336.0129243
Other Pen. States,2010,12,377.3107926
Other Pen. States,2011,12,257.9480048
Other Pen. States,2012,12,582.9258549
Other Pen. States,2013,12,366.3347472
Other Pen. States,2014,12,524.5548291
Other Pen. States,2015,12,362.4773379
Other Pen. States,2016,12,438.9377235
Other Pen. States,2017,12,0.0
Other Pen. States,2018,12,0.0
Other Pen. States,2019,12,0.0
Other Pen. States,2020,12,0.0
Peninsula,1980,12,221.0111514
Peninsula,1981,12,243.4873047
Peninsula,1982,12,378.3385999
Peninsula,1983,12,378.2531625
Peninsula,1984,12,277.0280498
Peninsula,1985,12,219.6777485
Peninsula,1986,12,265.3367106
Peninsula,1987,12,441.2682426
Peninsula,1988,12,148.0928431
Peninsula,1989,12,217.4991519
Peninsula,1990,12,322.3615284
Peninsula,1991,12,546.6450256
Peninsula,1992,12,331.6283209
Peninsula,1993,12,367.9660673
Peninsula,1994,12,241.3186509
Peninsula,1995,12,400.4360882
Peninsula,1996,12,273.3530711
Peninsula,1997,12,311.0119414
Peninsula,1998,12,388.8021122
Peninsula,1999,12,260.7246332
Peninsula,2000,12,338.0988874
Peninsula,2001,12,306.3769307
Peninsula,2002,12,277.57908
Peninsula,2003,12,292.6316136
Peninsula,2004,12,211.1771504
Peninsula,2005,12,303.7847483
Peninsula,2006,12,429.7420354
Peninsula,2007,12,457.7847963
Peninsula,2008,12,304.2322817
Peninsula,2009,12,316.2697444
Peninsula,2010,12,290.0270329
Peninsula,2011,12,402.8222116
Peninsula,2012,12,379.5948288
Peninsula,2013,12,388.0303504
Peninsula,2014,12,490.879544
Peninsula,2015,12,288.8139018
Peninsula,2016,12,285.2185808
Peninsula,2017,12,0.0
Peninsula,2018,12,0.0
Peninsula,2019,12,0.0
Peninsula,2020,12,0.0
Sabah,1980,12,486.8944444
Sabah,1981,12,231.8
Sabah,1982,12,229.135
Sabah,1983,12,571.01
Sabah,1984,12,419.075
Sabah,1985,12,316.6
Sabah,1986,12,167.645
Sabah,1987,12,429.645
Sabah,1988,12,559.915
Sabah,1989,12,165.725
Sabah,1990,12,152.135
Sabah,1991,12,429.79
Sabah,1992,12,267.0
Sabah,1993,12,482.2
Sabah,1994,12,361.54
Sabah,1995,12,353.735
Sabah,1996,12,438.275
Sabah,1997,12,142.4
Sabah,1998,12,382.775
Sabah,1999,12,510.6
Sabah,2000,12,261.865
Sabah,2001,12,336.475
Sabah,2002,12,148.86
Sabah,2003,12,463.87
Sabah,2004,12,480.975
Sabah,2005,12,529.15
Sabah,2006,12,515.24
Sabah,2007,12,401.165
Sabah,2008,12,235.3
Sabah,2009,12,206.93
Sabah,2010,12,290.83
Sabah,2011,12,552.31
Sabah,2012,12,287.94
Sabah,2013,12,260.27
Sabah,2014,12,343.675
Sabah,2015,12,181.39
Sabah,2016,12,489.822
Sabah,2017,12,0.0
Sabah,2018,12,0.0
Sabah,2019,12,0.0
Sabah,2020,12,0.0
Sarawak,1980,12,513.15
Sarawak,1981,12,380.8875
Sarawak,1982,12,392.3625
Sarawak,1983,12,520.37
Sarawak,1984,12,352.59
Sarawak,1985,12,422.24
Sarawak,1986,12,196.29
Sarawak,1987,12,505.18
Sarawak,1988,12,435.69
Sarawak,1989,12,334.93
Sarawak,1990,12,364.49
Sarawak,1991,12,368.22
Sarawak,1992,12,466.16
Sarawak,1993,12,418.11
Sarawak,1994,12,422.59
Sarawak,1995,12,447.43
Sarawak,1996,12,421.41
Sarawak,1997,12,337.18
Sarawak,1998,12,446.94
Sarawak,1999,12,490.6
Sarawak,2000,12,291.29
Sarawak,2001,12,198.9
Sarawak,2002,12,251.32
Sarawak,2003,12,464.14
Sarawak,2004,12,494.49
Sarawak,2005,12,445.5
Sarawak,2006,12,459.42
Sarawak,2007,12,480.44
Sarawak,2008,12,448.28
Sarawak,2009,12,535.18
Sarawak,2010,12,326.08
Sarawak,2011,12,541.3
Sarawak,2012,12,373.36
Sarawak,2013,12,544.17
Sarawak,2014,12,420.45
Sarawak,2015,12,331.84
Sarawak,2016,12,274.18
Sarawak,2017,12,0.0
Sarawak,2018,12,0.0
Sarawak,2019,12,0.0
Sarawak,2020,12,0.0
